
USE `offsetmanager`;
 
INSERT INTO `offsetuser` (`admin_id`, `user_type_id`, `username`, `password`, `first_name`, `last_name`, `email_id`, `last_login`, `action_permission`, `page_permission`, `intime`, `outtime`, `macid`, `is_active`) VALUES
(1, 1, 'pravintumsare@gmail.com', 'james@007', 'Pravin', 'Tumsare', 'pravintumsare@gmail.com', NULL, '1', NULL, '1', '1', '1', 'Y'),
(2, 1, 'eew.rohan@gmail.com ', 'rohan@123', 'Rohan', 'Gillurkar', 'eew.rohan@gmail.com ', '1', '1', '1', '1', '1', '1', 'Y');

-- --------------------------------------------------------
 

INSERT INTO `tbl_account` (`account_id`, `client_id`, `order_id`, `credited`, `debited`, `account_added_date`, `is_active`) VALUES
(1, 1, 1, 2000, 3000, '2016-11-08', 'Y'),
(2, 2, 2, 5000, 6000, '2016-11-02', 'Y'),
(3, 1, 3, 60000, 1000000, '2016-11-01', 'Y'),
(4, 1, 4, 2200, 3625, '2016-11-01', 'Y'),
(5, 1, 3, 6500, 3600, '2016-11-16', 'Y');
 

INSERT INTO `tbl_card` (`card_id`, `card_name`, `is_active`) VALUES
(1, 'READY-MADE SWEET BOX', 'Y'),
(2, 'TAG', 'Y'),
(3, 'PLASTIC FILE', 'Y'),
(4, 'VISITING CARD', 'Y'),
(5, 'INVITATION CARD', 'Y'),
(6, 'ALL PAPER', 'Y'),
(7, 'ENVELOPE', 'Y'),
(8, 'FILE', 'Y'),
(9, 'STICKER', 'Y');
 
INSERT INTO `tbl_citylist` (`city_id`, `city_name`, `latitude`, `longitude`, `state_id`, `is_active`) VALUES
(1, 'Port Blair', '11.67 N', '92.76 E', '1', 'Y'),
(2, 'Adilabad', '19.68 N', '78.53 E', '2', 'Y'),
(3, 'Adoni', '15.63 N', '77.28 E', '2', 'Y'),
(4, 'Alwal', '17.50 N', '78.54 E', '2', 'Y'),
(5, 'Anakapalle', '17.69 N', '83.00 E', '2', 'Y'),
(6, 'Anantapur', '14.70 N', '77.59 E', '2', 'Y'),
(7, 'Bapatla', '15.91 N', '80.47 E', '2', 'Y'),
(8, 'Belampalli', '19.06 N', '79.49 E', '2', 'Y'),
(9, 'Bhimavaram', '16.55 N', '81.53 E', '2', 'Y'),
(10, 'Bhongir', '17.52 N', '78.88 E', '2', 'Y'),
(11, 'Bobbili', '18.57 N', '83.37 E', '2', 'Y'),
(12, 'Bodhan', '18.66 N', '77.88 E', '2', 'Y'),
(13, 'Chilakalurupet', '16.10 N', '80.16 E', '2', 'Y'),
(14, 'Chinna Chawk', '14.47 N', '78.83 E', '2', 'Y'),
(15, 'Chirala', '15.84 N', '80.35 E', '2', 'Y'),
(16, 'Chittur', '13.22 N', '79.10 E', '2', 'Y'),
(17, 'Cuddapah', '14.48 N', '78.81 E', '2', 'Y'),
(18, 'Dharmavaram', '14.42 N', '77.71 E', '2', 'Y'),
(19, 'Dhone', '15.42 N', '77.88 E', '2', 'Y'),
(20, 'Eluru', '16.72 N', '81.11 E', '2', 'Y'),
(21, 'Gaddiannaram', '17.36 N', '78.52 E', '2', 'Y'),
(22, 'Gadwal', '16.23 N', '77.80 E', '2', 'Y'),
(23, 'Gajuwaka', '17.70 N', '83.21 E', '2', 'Y'),
(24, 'Gudivada', '16.44 N', '81.00 E', '2', 'Y'),
(25, 'Gudur', '14.15 N', '79.84 E', '2', 'Y'),
(26, 'Guntakal', '15.18 N', '77.37 E', '2', 'Y'),
(27, 'Guntur', '16.31 N', '80.44 E', '2', 'Y'),
(28, 'Hindupur', '13.83 N', '77.48 E', '2', 'Y'),
(29, 'Hyderabad', '17.40 N', '78.48 E', '2', 'Y'),
(30, 'Jagtial', '18.80 N', '78.91 E', '2', 'Y'),
(31, 'Kadiri', '14.12 N', '78.16 E', '2', 'Y'),
(32, 'Kagaznagar', '19.34 N', '79.48 E', '2', 'Y'),
(33, 'Kakinada', '16.96 N', '82.24 E', '2', 'Y'),
(34, 'Kallur', '15.69 N', '77.77 E', '2', 'Y'),
(35, 'Kamareddi', '18.32 N', '78.35 E', '2', 'Y'),
(36, 'Kapra', '17.37 N', '78.48 E', '2', 'Y'),
(37, 'Karimnagar', '18.45 N', '79.13 E', '2', 'Y'),
(38, 'Karnul', '15.83 N', '78.03 E', '2', 'Y'),
(39, 'Kavali', '14.92 N', '79.99 E', '2', 'Y'),
(40, 'Khammam', '17.25 N', '80.15 E', '2', 'Y'),
(41, 'Kodar', '16.98 N', '79.97 E', '2', 'Y'),
(42, 'Kondukur', '15.22 N', '79.91 E', '2', 'Y'),
(43, 'Koratla', '18.82 N', '78.72 E', '2', 'Y'),
(44, 'Kottagudem', '17.56 N', '80.64 E', '2', 'Y'),
(45, 'Kukatpalle', '17.49 N', '78.41 E', '2', 'Y'),
(46, 'Lalbahadur Nagar', '17.43 N', '78.50 E', '2', 'Y'),
(47, 'Machilipatnam', '16.19 N', '81.14 E', '2', 'Y'),
(48, 'Mahbubnagar', '16.74 N', '77.98 E', '2', 'Y'),
(49, 'Malkajgiri', '17.55 N', '78.59 E', '2', 'Y'),
(50, 'Mancheral', '18.88 N', '79.45 E', '2', 'Y'),
(51, 'Mandamarri', '18.97 N', '79.47 E', '2', 'Y'),
(52, 'Mangalagiri', '16.44 N', '80.56 E', '2', 'Y'),
(53, 'Markapur', '15.73 N', '79.28 E', '2', 'Y'),
(54, 'Miryalaguda', '16.87 N', '79.57 E', '2', 'Y'),
(55, 'Nalgonda', '17.06 N', '79.26 E', '2', 'Y'),
(56, 'Nandyal', '15.49 N', '78.48 E', '2', 'Y'),
(57, 'Narasapur', '16.45 N', '81.70 E', '2', 'Y'),
(58, 'Narasaraopet', '16.24 N', '80.04 E', '2', 'Y'),
(59, 'Nellur', '14.46 N', '79.98 E', '2', 'Y'),
(60, 'Nirmal', '19.12 N', '78.35 E', '2', 'Y'),
(61, 'Nizamabad', '18.68 N', '78.10 E', '2', 'Y'),
(62, 'Nuzvid', '16.78 N', '80.85 E', '2', 'Y'),
(63, 'Ongole', '15.50 N', '80.05 E', '2', 'Y'),
(64, 'Palakollu', '16.52 N', '81.75 E', '2', 'Y'),
(65, 'Palasa', '18.77 N', '84.42 E', '2', 'Y'),
(66, 'Palwancha', '17.60 N', '80.68 E', '2', 'Y'),
(67, 'Patancheru', '17.53 N', '78.27 E', '2', 'Y'),
(68, 'Piduguralla', '16.48 N', '79.90 E', '2', 'Y'),
(69, 'Ponnur', '16.07 N', '80.56 E', '2', 'Y'),
(70, 'Proddatur', '14.73 N', '78.55 E', '2', 'Y'),
(71, 'Qutubullapur', '17.43 N', '78.47 E', '2', 'Y'),
(72, 'Rajamahendri', '17.02 N', '81.79 E', '2', 'Y'),
(73, 'Rajampet', '14.18 N', '79.17 E', '2', 'Y'),
(74, 'Rajendranagar', '17.29 N', '78.39 E', '2', 'Y'),
(75, 'Ramachandrapuram', '17.56 N', '78.04 E', '2', 'Y'),
(76, 'Ramagundam', '18.80 N', '79.45 E', '2', 'Y'),
(77, 'Rayachoti', '14.05 N', '78.75 E', '2', 'Y'),
(78, 'Rayadrug', '14.70 N', '76.87 E', '2', 'Y'),
(79, 'Samalkot', '17.06 N', '82.18 E', '2', 'Y'),
(80, 'Sangareddi', '17.63 N', '78.08 E', '2', 'Y'),
(81, 'Sattenapalle', '16.40 N', '80.18 E', '2', 'Y'),
(82, 'Serilungampalle', '17.48 N', '78.33 E', '2', 'Y'),
(83, 'Siddipet', '18.11 N', '78.84 E', '2', 'Y'),
(84, 'Sikandarabad', '17.47 N', '78.52 E', '2', 'Y'),
(85, 'Sirsilla', '18.40 N', '78.81 E', '2', 'Y'),
(86, 'Srikakulam', '18.30 N', '83.90 E', '2', 'Y'),
(87, 'Srikalahasti', '13.76 N', '79.70 E', '2', 'Y'),
(88, 'Suriapet', '17.15 N', '79.62 E', '2', 'Y'),
(89, 'Tadepalle', '16.48 N', '80.60 E', '2', 'Y'),
(90, 'Tadepallegudem', '16.82 N', '81.52 E', '2', 'Y'),
(91, 'Tadpatri', '14.91 N', '78.00 E', '2', 'Y'),
(92, 'Tandur', '17.25 N', '77.58 E', '2', 'Y'),
(93, 'Tanuku', '16.75 N', '81.69 E', '2', 'Y'),
(94, 'Tenali', '16.24 N', '80.65 E', '2', 'Y'),
(95, 'Tirupati', '13.63 N', '79.41 E', '2', 'Y'),
(96, 'Tuni', '17.35 N', '82.55 E', '2', 'Y'),
(97, 'Uppal Kalan', '17.38 N', '78.55 E', '2', 'Y'),
(98, 'Vijayawada', '16.52 N', '80.63 E', '2', 'Y'),
(99, 'Vinukonda', '16.05 N', '79.75 E', '2', 'Y'),
(100, 'Visakhapatnam', '17.73 N', '83.30 E', '2', 'Y'),
(101, 'Vizianagaram', '18.12 N', '83.40 E', '2', 'Y'),
(102, 'Vuyyuru', '16.37 N', '80.85 E', '2', 'Y'),
(103, 'Wanparti', '16.37 N', '78.07 E', '2', 'Y'),
(104, 'Warangal', '18.01 N', '79.58 E', '2', 'Y'),
(105, 'Yemmiganur', '15.73 N', '77.48 E', '2', 'Y'),
(106, 'Itanagar', '27.14 N', '93.61 E', '3', 'Y'),
(107, 'Barpeta', '26.32 N', '91.00 E', '4', 'Y'),
(108, 'Bongaigaon', '26.48 N', '90.54 E', '4', 'Y'),
(109, 'Dhuburi', '26.03 N', '89.97 E', '4', 'Y'),
(110, 'Dibrugarh', '27.49 N', '94.91 E', '4', 'Y'),
(111, 'Diphu', '25.84 N', '93.43 E', '4', 'Y'),
(112, 'Guwahati', '26.19 N', '91.75 E', '4', 'Y'),
(113, 'Jorhat', '26.76 N', '94.20 E', '4', 'Y'),
(114, 'Karimganj', '24.85 N', '92.36 E', '4', 'Y'),
(115, 'Lakhimpur', '27.24 N', '94.10 E', '4', 'Y'),
(116, 'Lanka', '25.93 N', '92.95 E', '4', 'Y'),
(117, 'Nagaon', '26.35 N', '92.68 E', '4', 'Y'),
(118, 'Sibsagar', '26.99 N', '94.63 E', '4', 'Y'),
(119, 'Silchar', '24.83 N', '92.77 E', '4', 'Y'),
(120, 'Tezpur', '26.63 N', '92.79 E', '4', 'Y'),
(121, 'Tinsukia', '27.50 N', '95.36 E', '4', 'Y'),
(122, 'Alipur Duar', '26.50 N', '89.53 E', '32', 'Y'),
(123, 'Arambagh', '22.88 N', '87.78 E', '32', 'Y'),
(124, 'Asansol', '23.69 N', '86.98 E', '32', 'Y'),
(125, 'Ashoknagar Kalyangarh', '22.84 N', '88.63 E', '32', 'Y'),
(126, 'Baharampur', '24.10 N', '88.24 E', '32', 'Y'),
(127, 'Baidyabati', '22.79 N', '88.33 E', '32', 'Y'),
(128, 'Baj Baj', '22.48 N', '88.17 E', '32', 'Y'),
(129, 'Bally', '22.65 N', '88.35 E', '32', 'Y'),
(130, 'Bally Cantonment', '22.65 N', '88.36 E', '32', 'Y'),
(131, 'Balurghat', '25.23 N', '88.77 E', '32', 'Y'),
(132, 'Bangaon', '23.05 N', '88.83 E', '32', 'Y'),
(133, 'Bankra', '22.58 N', '88.31 E', '32', 'Y'),
(134, 'Bankura', '23.24 N', '87.07 E', '32', 'Y'),
(135, 'Bansbaria', '22.95 N', '88.40 E', '32', 'Y'),
(136, 'Baranagar', '22.64 N', '88.37 E', '32', 'Y'),
(137, 'Barddhaman', '23.24 N', '87.86 E', '32', 'Y'),
(138, 'Basirhat', '22.66 N', '88.86 E', '32', 'Y'),
(139, 'Bhadreswar', '22.84 N', '88.35 E', '32', 'Y'),
(140, 'Bhatpara', '22.89 N', '88.42 E', '32', 'Y'),
(141, 'Bidhannagar', '22.57 N', '88.42 E', '32', 'Y'),
(142, 'Binnaguri', '26.74 N', '89.037 E', '32', 'Y'),
(143, 'Bishnupur', '23.08 N', '87.33 E', '32', 'Y'),
(144, 'Bolpur', '23.67 N', '87.70 E', '32', 'Y'),
(145, 'Calcutta', '22.57 N', '88.36 E', '32', 'Y'),
(146, 'Chakdaha', '22.48 N', '88.35 E', '32', 'Y'),
(147, 'Champdani', '22.81 N', '88.34 E', '32', 'Y'),
(148, 'Chandannagar', '22.89 N', '88.37 E', '32', 'Y'),
(149, 'Contai', '21.79 N', '87.75 E', '32', 'Y'),
(150, 'Dabgram', '', '', '32', 'Y'),
(151, 'Darjiling', '27.05 N', '88.26 E', '32', 'Y'),
(152, 'Dhulian', '24.68 N', '87.97 E', '32', 'Y'),
(153, 'Dinhata', '26.13 N', '89.47 E', '32', 'Y'),
(154, 'Dum Dum', '22.63 N', '88.42 E', '32', 'Y'),
(155, 'Durgapur', '23.50 N', '87.31 E', '32', 'Y'),
(156, 'Gangarampur', '25.40 N', '88.52 E', '32', 'Y'),
(157, 'Garulia', '22.83 N', '88.37 E', '32', 'Y'),
(158, 'Gayespur', '22.98 N', '88.51 E', '32', 'Y'),
(159, 'Ghatal', '22.67 N', '87.72 E', '32', 'Y'),
(160, 'Gopalpur', '', '', '32', 'Y'),
(161, 'Habra', '22.84 N', '88.62 E', '32', 'Y'),
(162, 'Halisahar', '22.95 N', '88.42 E', '32', 'Y'),
(163, 'Haora', '22.58 N', '88.33 E', '32', 'Y'),
(164, 'HugliChunchura', '22.91 N', '88.40 E', '32', 'Y'),
(165, 'Ingraj Bazar', '25.01 N', '88.14 E', '32', 'Y'),
(166, 'Islampur', '26.27 N', '88.20 E', '32', 'Y'),
(167, 'Jalpaiguri', '26.53 N', '88.71 E', '32', 'Y'),
(168, 'Jamuria', '23.70 N', '87.08 E', '32', 'Y'),
(169, 'Jangipur', '24.47 N', '88.07 E', '32', 'Y'),
(170, 'Jhargram', '22.45 N', '86.98 E', '32', 'Y'),
(171, 'Kaliyaganj', '25.63 N', '88.32 E', '32', 'Y'),
(172, 'Kalna', '23.22 N', '88.37 E', '32', 'Y'),
(173, 'Kalyani', '22.98 N', '88.48 E', '32', 'Y'),
(174, 'Kamarhati', '22.67 N', '88.37 E', '32', 'Y'),
(175, 'Kanchrapara', '22.95 N', '88.45 E', '32', 'Y'),
(176, 'Kandi', '23.95 N', '88.03 E', '32', 'Y'),
(177, 'Karsiyang', '26.88 N', '88.28 E', '32', 'Y'),
(178, 'Katwa', '23.65 N', '88.13 E', '32', 'Y'),
(179, 'Kharagpur', '22.34 N', '87.31 E', '32', 'Y'),
(180, 'Kharagpur Railway Settlement', '22.34 N', '87.26 E', '32', 'Y'),
(181, 'Khardaha', '22.73 N', '88.38 E', '32', 'Y'),
(182, 'Kharia', '', '', '32', 'Y'),
(183, 'Koch Bihar', '26.33 N', '89.46 E', '32', 'Y'),
(184, 'Konnagar', '22.70 N', '88.36 E', '32', 'Y'),
(185, 'Krishnanagar', '23.41 N', '88.51 E', '32', 'Y'),
(186, 'Kulti', '23.72 N', '86.89 E', '32', 'Y'),
(187, 'Madhyamgram', '22.70 N', '88.45 E', '32', 'Y'),
(188, 'Maheshtala', '22.51 N', '88.23 E', '32', 'Y'),
(189, 'Memari', '23.20 N', '88.12 E', '32', 'Y'),
(190, 'Midnapur', '22.33 N', '87.15 E', '32', 'Y'),
(191, 'Naihati', '22.91 N', '88.43 E', '32', 'Y'),
(192, 'Navadwip', '23.42 N', '88.37 E', '32', 'Y'),
(193, 'Ni Barakpur', '22.77 N', '88.36 E', '32', 'Y'),
(194, 'North Barakpur', '22.78 N', '88.37 E', '32', 'Y'),
(195, 'North Dum Dum', '22.64 N', '88.41 E', '32', 'Y'),
(196, 'Old Maldah', '', '', '32', 'Y'),
(197, 'Panihati', '22.69 N', '88.37 E', '32', 'Y'),
(198, 'Phulia', '23.24 N', '88.50 E', '32', 'Y'),
(199, 'Pujali', '22.47 N', '88.15 E', '32', 'Y'),
(200, 'Puruliya', '23.34 N', '86.36 E', '32', 'Y'),
(201, 'Raiganj', '25.62 N', '88.12 E', '32', 'Y'),
(202, 'Rajpur', '22.44 N', '88.44 E', '32', 'Y'),
(203, 'Rampur Hat', '24.17 N', '87.78 E', '32', 'Y'),
(204, 'Ranaghat', '23.19 N', '88.58 E', '32', 'Y'),
(205, 'Raniganj', '23.62 N', '87.11 E', '32', 'Y'),
(206, 'Rishra', '22.71 N', '88.36 E', '32', 'Y'),
(207, 'Shantipur', '23.26 N', '88.44 E', '32', 'Y'),
(208, 'Shiliguri', '26.73 N', '88.42 E', '32', 'Y'),
(209, 'Shrirampur', '22.74 N', '88.35 E', '32', 'Y'),
(210, 'Siuri', '23.91 N', '87.53 E', '32', 'Y'),
(211, 'South Dum Dum', '22.61 N', '88.41 E', '32', 'Y'),
(212, 'Titagarh', '22.74 N', '88.38 E', '32', 'Y'),
(213, 'Ulubaria', '22.47 N', '88.11 E', '32', 'Y'),
(214, 'UttarparaKotrung', '22.66 N', '88.35 E', '32', 'Y'),
(215, 'Araria', '26.15 N', '87.52 E', '5', 'Y'),
(216, 'Arrah', '25.56 N', '84.66 E', '5', 'Y'),
(217, 'Aurangabad', '24.75 N', '84.37 E', '5', 'Y'),
(218, 'Bagaha', '27.10 N', '84.09 E', '5', 'Y'),
(219, 'Begusarai', '25.42 N', '86.12 E', '5', 'Y'),
(220, 'Bettiah', '26.81 N', '84.50 E', '5', 'Y'),
(221, 'Bhabua', '25.05 N', '83.62 E', '5', 'Y'),
(222, 'Bhagalpur', '25.26 N', '86.98 E', '5', 'Y'),
(223, 'Bihar', '25.21 N', '85.52 E', '5', 'Y'),
(224, 'Buxar', '25.58 N', '83.98 E', '5', 'Y'),
(225, 'Chhapra', '25.78 N', '84.72 E', '5', 'Y'),
(226, 'Darbhanga', '26.16 N', '85.88 E', '5', 'Y'),
(227, 'Dehri', '24.91 N', '84.18 E', '5', 'Y'),
(228, 'DighaMainpura', '', '', '5', 'Y'),
(229, 'Dinapur', '25.64 N', '85.04 E', '5', 'Y'),
(230, 'Dumraon', '25.55 N', '84.15 E', '5', 'Y'),
(231, 'Gaya', '24.81 N', '85.00 E', '5', 'Y'),
(232, 'Gopalganj', '26.47 N', '84.43 E', '5', 'Y'),
(233, 'Goura', '', '', '5', 'Y'),
(234, 'Hajipur', '', '', '5', 'Y'),
(235, 'Jahanabad', '25.22 N', '84.98 E', '5', 'Y'),
(236, 'Jamalpur', '25.32 N', '86.48 E', '5', 'Y'),
(237, 'Jamui', '24.92 N', '86.22 E', '5', 'Y'),
(238, 'Katihar', '25.55 N', '87.57 E', '5', 'Y'),
(239, 'Khagaria', '25.50 N', '86.48 E', '5', 'Y'),
(240, 'Khagaul', '25.58 N', '85.05 E', '5', 'Y'),
(241, 'Kishanganj', '26.11 N', '87.95 E', '5', 'Y'),
(242, 'Lakhisarai', '25.18 N', '86.09 E', '5', 'Y'),
(243, 'Madhipura', '25.92 N', '86.78 E', '5', 'Y'),
(244, 'Madhubani', '26.37 N', '86.06 E', '5', 'Y'),
(245, 'Masaurhi', '25.35 N', '85.03 E', '5', 'Y'),
(246, 'Mokama', '25.40 N', '85.92 E', '5', 'Y'),
(247, 'Motihari', '26.66 N', '84.91 E', '5', 'Y'),
(248, 'Munger', '25.39 N', '86.47 E', '5', 'Y'),
(249, 'Muzaffarpur', '26.13 N', '85.38 E', '5', 'Y'),
(250, 'Nawada', '24.88 N', '85.54 E', '5', 'Y'),
(251, 'Patna', '25.62 N', '85.13 E', '5', 'Y'),
(252, 'Phulwari', '25.60 N', '85.13 E', '5', 'Y'),
(253, 'Purnia', '25.78 N', '87.47 E', '5', 'Y'),
(254, 'Raxaul', '26.98 N', '84.85 E', '5', 'Y'),
(255, 'Saharsa', '25.88 N', '86.59 E', '5', 'Y'),
(256, 'Samastipur', '25.85 N', '85.78 E', '5', 'Y'),
(257, 'Sasaram', '24.96 N', '84.01 E', '5', 'Y'),
(258, 'Sitamarhi', '26.61 N', '85.48 E', '5', 'Y'),
(259, 'Siwan', '26.23 N', '84.35 E', '5', 'Y'),
(260, 'Supaul', '26.12 N', '86.60 E', '5', 'Y'),
(261, 'Chandigarh', '30.75 N', '76.78 E', '6', 'Y'),
(262, 'Ambikapur', '23.13 N', '83.20 E', '7', 'Y'),
(263, 'Bhilai', '21.21 N', '81.38 E', '7', 'Y'),
(264, 'Bilaspur', '22.09 N', '82.15 E', '7', 'Y'),
(265, 'Charoda', '21.23 N', '81.50 E', '7', 'Y'),
(266, 'Chirmiri', '23.21 N', '82.41 E', '7', 'Y'),
(267, 'Dhamtari', '20.71 N', '81.55 E', '7', 'Y'),
(268, 'Durg', '21.20 N', '81.28 E', '7', 'Y'),
(269, 'Jagdalpur', '19.09 N', '82.03 E', '7', 'Y'),
(270, 'Korba', '22.35 N', '82.69 E', '7', 'Y'),
(271, 'Raigarh', '21.90 N', '83.39 E', '7', 'Y'),
(272, 'Raipur', '21.24 N', '81.63 E', '7', 'Y'),
(273, 'Rajnandgaon', '21.10 N', '81.04 E', '7', 'Y'),
(274, 'Bhalswa Jahangirpur', '28.74 N', '77.17 E', '22', 'Y'),
(275, 'Burari', '', '', '22', 'Y'),
(276, 'Chilla Saroda Bangar', '', '', '22', 'Y'),
(277, 'Dallo Pura', '', '', '22', 'Y'),
(278, 'Delhi', '28.67 N', '77.21 E', '22', 'Y'),
(279, 'Deoli', '28.49 N', '77.22 E', '22', 'Y'),
(280, 'Dilli Cantonment', '28.57 N', '77.16 E', '22', 'Y'),
(281, 'Gharoli', '', '', '22', 'Y'),
(282, 'Gokalpur', '28.71 N', '77.28 E', '22', 'Y'),
(283, 'Hastsal', '', '', '22', 'Y'),
(284, 'Jaffrabad', '', '', '22', 'Y'),
(285, 'Karawal Nagar', '', '', '22', 'Y'),
(286, 'Khajuri Khas', '', '', '22', 'Y'),
(287, 'Kirari Suleman Nagar', '', '', '22', 'Y'),
(288, 'Mandoli', '', '', '22', 'Y'),
(289, 'Mithe Pur', '', '', '22', 'Y'),
(290, 'Molarband', '', '', '22', 'Y'),
(291, 'Mundka', '', '', '22', 'Y'),
(292, 'Mustafabad', '', '', '22', 'Y'),
(293, 'Nangloi Jat', '28.68 N', '77.07 E', '22', 'Y'),
(294, 'Ni Dilli', '28.60 N', '77.22 E', '22', 'Y'),
(295, 'Pul Pehlad', '', '', '22', 'Y'),
(296, 'Puth Kalan', '', '', '22', 'Y'),
(297, 'Roshan Pura', '28.60 N', '76.99 E', '22', 'Y'),
(298, 'Sadat Pur Gujran', '', '', '22', 'Y'),
(299, 'Sultanpur Majra', '28.76 N', '77.06 E', '22', 'Y'),
(300, 'Tajpul', '', '', '22', 'Y'),
(301, 'Tigri', '28.50 N', '77.22 E', '22', 'Y'),
(302, 'Ziauddin Pur', '', '', '22', 'Y'),
(303, 'Madgaon', '15.28 N', '73.94 E', '8', 'Y'),
(304, 'Mormugao', '15.42 N', '73.78 E', '8', 'Y'),
(305, 'Panaji', '15.50 N', '73.81 E', '8', 'Y'),
(306, 'Ahmadabad', '23.03 N', '72.58 E', '9', 'Y'),
(307, 'Amreli', '21.61 N', '71.22 E', '9', 'Y'),
(308, 'Anand', '22.56 N', '72.95 E', '9', 'Y'),
(309, 'Anjar', '23.12 N', '70.02 E', '9', 'Y'),
(310, 'Bardoli', '21.12 N', '73.12 E', '9', 'Y'),
(311, 'Bharuch', '21.71 N', '72.97 E', '9', 'Y'),
(312, 'Bhavnagar', '21.79 N', '72.13 E', '9', 'Y'),
(313, 'Bhuj', '23.26 N', '69.66 E', '9', 'Y'),
(314, 'Borsad', '22.42 N', '72.90 E', '9', 'Y'),
(315, 'Botad', '22.18 N', '71.66 E', '9', 'Y'),
(316, 'Chandkheda', '23.15 N', '72.61 E', '9', 'Y'),
(317, 'Chandlodiya', '23.10 N', '72.56 E', '9', 'Y'),
(318, 'Dabhoi', '22.13 N', '73.41 E', '9', 'Y'),
(319, 'Dahod', '22.84 N', '74.25 E', '9', 'Y'),
(320, 'Dholka', '22.74 N', '72.44 E', '9', 'Y'),
(321, 'Dhoraji', '21.74 N', '70.44 E', '9', 'Y'),
(322, 'Dhrangadhra', '23.00 N', '71.46 E', '9', 'Y'),
(323, 'Disa', '24.26 N', '72.18 E', '9', 'Y'),
(324, 'Gandhidham', '23.07 N', '70.13 E', '9', 'Y'),
(325, 'Gandhinagar', '23.30 N', '72.63 E', '9', 'Y'),
(326, 'Ghatlodiya', '23.05 N', '72.55 E', '9', 'Y'),
(327, 'Godhra', '22.77 N', '73.60 E', '9', 'Y'),
(328, 'Gondal', '21.97 N', '70.80 E', '9', 'Y'),
(329, 'Himatnagar', '23.60 N', '72.96 E', '9', 'Y'),
(330, 'Jamnagar', '22.47 N', '70.07 E', '9', 'Y'),
(331, 'Jamnagar', '', '', '9', 'Y'),
(332, 'Jetpur', '21.75 N', '70.61 E', '9', 'Y'),
(333, 'Junagadh', '21.52 N', '70.45 E', '9', 'Y'),
(334, 'Kalol', '23.25 N', '72.49 E', '9', 'Y'),
(335, 'Keshod', '21.31 N', '70.23 E', '9', 'Y'),
(336, 'Khambhat', '22.32 N', '72.61 E', '9', 'Y'),
(337, 'Kundla', '21.35 N', '71.30 E', '9', 'Y'),
(338, 'Mahuva', '21.10 N', '71.75 E', '9', 'Y'),
(339, 'Mangrol', '21.12 N', '70.12 E', '9', 'Y'),
(340, 'Modasa', '23.47 N', '73.30 E', '9', 'Y'),
(341, 'Morvi', '22.82 N', '70.83 E', '9', 'Y'),
(342, 'Nadiad', '22.70 N', '72.85 E', '9', 'Y'),
(343, 'Navagam Ghed', '', '', '9', 'Y'),
(344, 'Navsari', '20.96 N', '72.92 E', '9', 'Y'),
(345, 'Palitana', '21.52 N', '71.83 E', '9', 'Y'),
(346, 'Patan', '23.86 N', '72.11 E', '9', 'Y'),
(347, 'Porbandar', '21.65 N', '69.60 E', '9', 'Y'),
(348, 'Puna', '', '', '9', 'Y'),
(349, 'Rajkot', '22.31 N', '70.79 E', '9', 'Y'),
(350, 'Ramod', '', '', '9', 'Y'),
(351, 'Ranip', '23.03 N', '72.54 E', '9', 'Y'),
(352, 'Siddhapur', '23.92 N', '72.37 E', '9', 'Y'),
(353, 'Sihor', '21.70 N', '71.97 E', '9', 'Y'),
(354, 'Surat', '21.20 N', '72.82 E', '9', 'Y'),
(355, 'Surendranagar', '22.71 N', '71.67 E', '9', 'Y'),
(356, 'Thaltej', '', '', '9', 'Y'),
(357, 'Una', '20.82 N', '71.03 E', '9', 'Y'),
(358, 'Unjha', '23.81 N', '72.38 E', '9', 'Y'),
(359, 'Upleta', '21.75 N', '70.27 E', '9', 'Y'),
(360, 'Vadodara', '22.31 N', '73.18 E', '9', 'Y'),
(361, 'Valsad', '20.62 N', '72.92 E', '9', 'Y'),
(362, 'Vapi', '20.37 N', '72.90 E', '9', 'Y'),
(363, 'Vastral', '', '', '9', 'Y'),
(364, 'Vejalpur', '', '', '9', 'Y'),
(365, 'Veraval', '20.92 N', '70.34 E', '9', 'Y'),
(366, 'Vijalpor', '', '', '9', 'Y'),
(367, 'Visnagar', '23.71 N', '72.54 E', '9', 'Y'),
(368, 'Wadhwan', '22.73 N', '71.72 E', '9', 'Y'),
(369, 'Ambala', '30.38 N', '76.77 E', '10', 'Y'),
(370, 'Ambala Cantonment', '30.39 N', '76.86 E', '10', 'Y'),
(371, 'Ambala Sadar', '30.35 N', '76.84 E', '10', 'Y'),
(372, 'Bahadurgarh', '28.69 N', '76.92 E', '10', 'Y'),
(373, 'Bhiwani', '28.81 N', '76.12 E', '10', 'Y'),
(374, 'Charkhi Dadri', '28.60 N', '76.27 E', '10', 'Y'),
(375, 'Dabwali', '29.95 N', '74.73 E', '10', 'Y'),
(376, 'Faridabad', '28.38 N', '77.30 E', '10', 'Y'),
(377, 'Gohana', '29.13 N', '76.70 E', '10', 'Y'),
(378, 'Hisar', '29.17 N', '75.72 E', '10', 'Y'),
(379, 'Jagadhri', '30.18 N', '77.29 E', '10', 'Y'),
(380, 'Jind', '29.31 N', '76.30 E', '10', 'Y'),
(381, 'Kaithal', '29.81 N', '76.40 E', '10', 'Y'),
(382, 'Karnal', '29.69 N', '76.97 E', '10', 'Y'),
(383, 'Narnaul', '28.04 N', '76.10 E', '10', 'Y'),
(384, 'Narwana', '29.62 N', '76.12 E', '10', 'Y'),
(385, 'Palwal', '28.15 N', '77.32 E', '10', 'Y'),
(386, 'Panchkula', '30.70 N', '76.88 E', '10', 'Y'),
(387, 'Panipat', '29.39 N', '76.96 E', '10', 'Y'),
(388, 'Rewari', '28.19 N', '76.60 E', '10', 'Y'),
(389, 'Rohtak', '28.90 N', '76.58 E', '10', 'Y'),
(390, 'Sirsa', '29.53 N', '75.03 E', '10', 'Y'),
(391, 'Sonipat', '28.99 N', '77.01 E', '10', 'Y'),
(392, 'Thanesar', '29.98 N', '76.82 E', '10', 'Y'),
(393, 'Tohana', '29.70 N', '75.90 E', '10', 'Y'),
(394, 'Yamunanagar', '30.14 N', '77.28 E', '10', 'Y'),
(395, 'Shimla', '31.11 N', '77.16 E', '11', 'Y'),
(396, 'Anantnag', '33.73 N', '75.15 E', '12', 'Y'),
(397, 'Baramula', '34.20 N', '74.35 E', '12', 'Y'),
(398, 'Bari Brahmana', '', '', '12', 'Y'),
(399, 'Jammu', '32.71 N', '74.85 E', '12', 'Y'),
(400, 'Kathua', '32.37 N', '75.52 E', '12', 'Y'),
(401, 'Sopur', '34.30 N', '74.47 E', '12', 'Y'),
(402, 'Srinagar', '34.09 N', '74.79 E', '12', 'Y'),
(403, 'Udhampur', '32.93 N', '75.13 E', '12', 'Y'),
(404, 'Adityapur', '22.80 N', '86.04 E', '13', 'Y'),
(405, 'Bagbahra', '22.82 N', '86.20 E', '13', 'Y'),
(406, 'Bhuli', '23.79 N', '86.38 E', '13', 'Y'),
(407, 'Bokaro', '23.78 N', '85.96 E', '13', 'Y'),
(408, 'Chaibasa', '22.56 N', '85.80 E', '13', 'Y'),
(409, 'Chas', '23.65 N', '86.17 E', '13', 'Y'),
(410, 'Daltenganj', '24.05 N', '84.06 E', '13', 'Y'),
(411, 'Devghar', '24.49 N', '86.69 E', '13', 'Y'),
(412, 'Dhanbad', '23.80 N', '86.42 E', '13', 'Y'),
(413, 'Hazaribag', '24.01 N', '85.36 E', '13', 'Y'),
(414, 'Jamshedpur', '22.79 N', '86.20 E', '13', 'Y'),
(415, 'Jharia', '23.76 N', '86.42 E', '13', 'Y'),
(416, 'Jhumri Tilaiya', '24.43 N', '85.52 E', '13', 'Y'),
(417, 'Jorapokhar', '23.79 N', '86.36 E', '13', 'Y'),
(418, 'Katras', '23.80 N', '86.28 E', '13', 'Y'),
(419, 'Lohardaga', '23.43 N', '84.68 E', '13', 'Y'),
(420, 'Mango', '22.85 N', '86.21 E', '13', 'Y'),
(421, 'Phusro', '23.68 N', '85.86 E', '13', 'Y'),
(422, 'Ramgarh', '23.63 N', '85.51 E', '13', 'Y'),
(423, 'Ranchi', '23.36 N', '85.33 E', '13', 'Y'),
(424, 'Sahibganj', '25.25 N', '87.62 E', '13', 'Y'),
(425, 'Saunda', '23.64 N', '85.37 E', '13', 'Y'),
(426, 'Sindari', '23.68 N', '86.49 E', '13', 'Y'),
(427, 'Bagalkot', '16.19 N', '75.69 E', '14', 'Y'),
(428, 'Bangalore', '12.97 N', '77.56 E', '14', 'Y'),
(429, 'Basavakalyan', '17.87 N', '76.95 E', '14', 'Y'),
(430, 'Belgaum', '15.86 N', '74.50 E', '14', 'Y'),
(431, 'Bellary', '15.14 N', '76.91 E', '14', 'Y'),
(432, 'Bhadravati', '13.84 N', '75.69 E', '14', 'Y'),
(433, 'Bidar', '17.92 N', '77.52 E', '14', 'Y'),
(434, 'Bijapur', '16.83 N', '75.71 E', '14', 'Y'),
(435, 'Bommanahalli', '13.01 N', '77.63 E', '14', 'Y'),
(436, 'Byatarayanapura', '', '', '14', 'Y'),
(437, 'Challakere', '14.32 N', '76.65 E', '14', 'Y'),
(438, 'Chamrajnagar', '11.92 N', '76.95 E', '14', 'Y'),
(439, 'Channapatna', '12.66 N', '77.19 E', '14', 'Y'),
(440, 'Chik Ballapur', '13.47 N', '77.73 E', '14', 'Y'),
(441, 'Chikmagalur', '13.32 N', '75.76 E', '14', 'Y'),
(442, 'Chintamani', '13.40 N', '78.05 E', '14', 'Y'),
(443, 'Chitradurga', '14.23 N', '76.39 E', '14', 'Y'),
(444, 'Dasarahalli', '13.01 N', '77.49 E', '14', 'Y'),
(445, 'Davanagere', '14.46 N', '75.92 E', '14', 'Y'),
(446, 'Dod Ballapur', '13.30 N', '77.52 E', '14', 'Y'),
(447, 'Gadag', '15.44 N', '75.63 E', '14', 'Y'),
(448, 'Gangawati', '15.44 N', '76.52 E', '14', 'Y'),
(449, 'Gokak', '16.18 N', '74.81 E', '14', 'Y'),
(450, 'Gulbarga', '17.34 N', '76.82 E', '14', 'Y'),
(451, 'Harihar', '14.52 N', '75.80 E', '14', 'Y'),
(452, 'Hassan', '13.01 N', '76.08 E', '14', 'Y'),
(453, 'Haveri', '14.80 N', '75.40 E', '14', 'Y'),
(454, 'Hiriyur', '13.97 N', '76.60 E', '14', 'Y'),
(455, 'Hosakote', '', '', '14', 'Y'),
(456, 'Hospet', '15.28 N', '76.37 E', '14', 'Y'),
(457, 'Hubli', '15.36 N', '75.13 E', '14', 'Y'),
(458, 'Ilkal', '15.97 N', '76.13 E', '14', 'Y'),
(459, 'Jamkhandi', '16.51 N', '75.28 E', '14', 'Y'),
(460, 'Kanakapura', '12.54 N', '77.42 E', '14', 'Y'),
(461, 'Karwar', '14.82 N', '74.12 E', '14', 'Y'),
(462, 'Kolar', '13.14 N', '78.13 E', '14', 'Y'),
(463, 'Kollegal', '12.15 N', '77.12 E', '14', 'Y'),
(464, 'Koppal', '15.35 N', '76.15 E', '14', 'Y'),
(465, 'Krishnarajapura', '12.97 N', '77.74 E', '14', 'Y'),
(466, 'Mahadevapura', '', '', '14', 'Y'),
(467, 'Maisuru', '12.31 N', '76.65 E', '14', 'Y'),
(468, 'Mandya', '12.54 N', '76.89 E', '14', 'Y'),
(469, 'Mangaluru', '12.88 N', '74.84 E', '14', 'Y'),
(470, 'Nipani', '16.41 N', '74.38 E', '14', 'Y'),
(471, 'Pattanagere', '', '', '14', 'Y'),
(472, 'Puttur', '12.77 N', '75.22 E', '14', 'Y'),
(473, 'Rabkavi', '16.47 N', '75.11 E', '14', 'Y'),
(474, 'Raichur', '16.21 N', '77.35 E', '14', 'Y'),
(475, 'Ramanagaram', '12.72 N', '77.27 E', '14', 'Y'),
(476, 'Ranibennur', '14.62 N', '75.61 E', '14', 'Y'),
(477, 'Robertsonpet', '12.97 N', '78.28 E', '14', 'Y'),
(478, 'Sagar', '14.17 N', '75.03 E', '14', 'Y'),
(479, 'Shahabad', '17.13 N', '76.93 E', '14', 'Y'),
(480, 'Shahpur', '16.70 N', '76.83 E', '14', 'Y'),
(481, 'Shimoga', '13.93 N', '75.57 E', '14', 'Y'),
(482, 'Shorapur', '16.52 N', '76.75 E', '14', 'Y'),
(483, 'Sidlaghatta', '13.38 N', '77.87 E', '14', 'Y'),
(484, 'Sira', '13.75 N', '76.90 E', '14', 'Y'),
(485, 'Sirsi', '14.62 N', '74.85 E', '14', 'Y'),
(486, 'Tiptur', '13.27 N', '76.48 E', '14', 'Y'),
(487, 'Tumkur', '13.34 N', '77.10 E', '14', 'Y'),
(488, 'Udupi', '13.35 N', '74.75 E', '14', 'Y'),
(489, 'Ullal', '12.80 N', '74.85 E', '14', 'Y'),
(490, 'Yadgir', '16.77 N', '77.13 E', '14', 'Y'),
(491, 'Yelahanka', '13.10 N', '77.60 E', '14', 'Y'),
(492, 'Alappuzha', '9.50 N', '76.33 E', '15', 'Y'),
(493, 'Beypur', '11.18 N', '75.82 E', '15', 'Y'),
(494, 'Cheruvannur', '11.21 N', '75.84 E', '15', 'Y'),
(495, 'Edakkara', '', '', '15', 'Y'),
(496, 'Edathala', '10.03 N', '76.32 E', '15', 'Y'),
(497, 'Kalamassery', '10.05 N', '76.27 E', '15', 'Y'),
(498, 'Kannan Devan Hills', '', '', '15', 'Y'),
(499, 'Kannangad', '12.34 N', '75.09 E', '15', 'Y'),
(500, 'Kannur', '11.86 N', '75.35 E', '15', 'Y'),
(501, 'Kayankulam', '9.17 N', '76.49 E', '15', 'Y'),
(502, 'Kochi', '10.02 N', '76.22 E', '15', 'Y'),
(503, 'Kollam', '8.89 N', '76.58 E', '15', 'Y'),
(504, 'Kottayam', '9.60 N', '76.52 E', '15', 'Y'),
(505, 'Koyilandi', '11.43 N', '75.70 E', '15', 'Y'),
(506, 'Kozhikkod', '11.26 N', '75.78 E', '15', 'Y'),
(507, 'Kunnamkulam', '10.65 N', '76.08 E', '15', 'Y'),
(508, 'Malappuram', '11.07 N', '76.06 E', '15', 'Y'),
(509, 'Manjeri', '11.12 N', '76.11 E', '15', 'Y'),
(510, 'Nedumangad', '8.61 N', '77.00 E', '15', 'Y'),
(511, 'Neyyattinkara', '8.40 N', '77.08 E', '15', 'Y'),
(512, 'Palakkad', '10.78 N', '76.65 E', '15', 'Y'),
(513, 'Pallichal', '', '', '15', 'Y'),
(514, 'Payyannur', '12.10 N', '75.19 E', '15', 'Y'),
(515, 'Ponnani', '10.78 N', '75.92 E', '15', 'Y'),
(516, 'Talipparamba', '12.03 N', '75.36 E', '15', 'Y'),
(517, 'Thalassery', '11.75 N', '75.49 E', '15', 'Y'),
(518, 'Thiruvananthapuram', '8.51 N', '76.95 E', '15', 'Y'),
(519, 'Thrippunithura', '9.94 N', '76.35 E', '15', 'Y'),
(520, 'Thrissur', '10.52 N', '76.21 E', '15', 'Y'),
(521, 'Tirur', '10.91 N', '75.92 E', '15', 'Y'),
(522, 'Tiruvalla', '9.39 N', '76.57 E', '15', 'Y'),
(523, 'Vadakara', '11.61 N', '75.58 E', '15', 'Y'),
(524, 'Ashoknagar', '24.57 N', '77.72 E', '16', 'Y'),
(525, 'Balaghat', '21.80 N', '80.18 E', '16', 'Y'),
(526, 'Basoda', '23.85 N', '77.93 E', '16', 'Y'),
(527, 'Betul', '21.92 N', '77.90 E', '16', 'Y'),
(528, 'Bhind', '26.57 N', '78.77 E', '16', 'Y'),
(529, 'Bhopal', '23.24 N', '77.40 E', '16', 'Y'),
(530, 'BinaEtawa', '24.20 N', '78.20 E', '16', 'Y'),
(531, 'Burhanpur', '21.33 N', '76.22 E', '16', 'Y'),
(532, 'Chhatarpur', '24.92 N', '79.58 E', '16', 'Y'),
(533, 'Chhindwara', '22.07 N', '78.94 E', '16', 'Y'),
(534, 'Dabra', '25.90 N', '78.33 E', '16', 'Y'),
(535, 'Damoh', '23.85 N', '79.44 E', '16', 'Y'),
(536, 'Datia', '25.67 N', '78.45 E', '16', 'Y'),
(537, 'Dewas', '22.97 N', '76.05 E', '16', 'Y'),
(538, 'Dhar', '22.60 N', '75.29 E', '16', 'Y'),
(539, 'Gohad', '26.43 N', '78.45 E', '16', 'Y'),
(540, 'Guna', '24.65 N', '77.30 E', '16', 'Y'),
(541, 'Gwalior', '26.23 N', '78.17 E', '16', 'Y'),
(542, 'Harda', '22.33 N', '77.11 E', '16', 'Y'),
(543, 'Hoshangabad', '22.75 N', '77.71 E', '16', 'Y'),
(544, 'Indore', '22.72 N', '75.86 E', '16', 'Y'),
(545, 'Itarsi', '22.62 N', '77.76 E', '16', 'Y'),
(546, 'Jabalpur', '23.17 N', '79.94 E', '16', 'Y'),
(547, 'Jabalpur Cantonment', '23.16 N', '79.95 E', '16', 'Y'),
(548, 'Jaora', '23.64 N', '75.11 E', '16', 'Y'),
(549, 'Khandwa', '21.83 N', '76.35 E', '16', 'Y'),
(550, 'Khargone', '21.83 N', '75.60 E', '16', 'Y'),
(551, 'Mandidip', '23.10 N', '77.52 E', '16', 'Y'),
(552, 'Mandsaur', '24.07 N', '75.07 E', '16', 'Y'),
(553, 'Mau', '22.56 N', '75.75 E', '16', 'Y'),
(554, 'Morena', '26.51 N', '77.99 E', '16', 'Y'),
(555, 'Murwara', '23.85 N', '80.39 E', '16', 'Y'),
(556, 'Nagda', '23.46 N', '75.42 E', '16', 'Y'),
(557, 'Nimach', '24.47 N', '74.87 E', '16', 'Y'),
(558, 'Pithampur', '', '', '16', 'Y'),
(559, 'Raghogarh', '24.45 N', '77.20 E', '16', 'Y'),
(560, 'Ratlam', '23.35 N', '75.03 E', '16', 'Y'),
(561, 'Rewa', '24.53 N', '81.29 E', '16', 'Y'),
(562, 'Sagar', '23.85 N', '78.75 E', '16', 'Y'),
(563, 'Sarni', '22.04 N', '78.27 E', '16', 'Y'),
(564, 'Satna', '24.58 N', '80.83 E', '16', 'Y'),
(565, 'Sehore', '23.20 N', '77.08 E', '16', 'Y'),
(566, 'Sendhwa', '21.68 N', '75.10 E', '16', 'Y'),
(567, 'Seoni', '22.10 N', '79.55 E', '16', 'Y'),
(568, 'Shahdol', '23.30 N', '81.36 E', '16', 'Y'),
(569, 'Shajapur', '23.43 N', '76.27 E', '16', 'Y'),
(570, 'Sheopur', '25.67 N', '76.70 E', '16', 'Y'),
(571, 'Shivapuri', '25.43 N', '77.65 E', '16', 'Y'),
(572, 'Sidhi', '24.42 N', '81.88 E', '16', 'Y'),
(573, 'Singrauli', '23.84 N', '82.27 E', '16', 'Y'),
(574, 'Tikamgarh', '24.74 N', '78.83 E', '16', 'Y'),
(575, 'Ujjain', '23.19 N', '75.78 E', '16', 'Y'),
(576, 'Vidisha', '23.53 N', '77.80 E', '16', 'Y'),
(577, 'Achalpur', '21.26 N', '77.50 E', '17', 'Y'),
(578, 'Ahmadnagar', '19.10 N', '74.74 E', '17', 'Y'),
(579, 'Akola', '20.71 N', '77.00 E', '17', 'Y'),
(580, 'Akot', '21.10 N', '77.05 E', '17', 'Y'),
(581, 'Amalner', '21.05 N', '75.06 E', '17', 'Y'),
(582, 'Ambajogai', '18.73 N', '76.38 E', '17', 'Y'),
(583, 'Amravati', '20.95 N', '77.76 E', '17', 'Y'),
(584, 'Anjangaon', '21.16 N', '77.31 E', '17', 'Y'),
(585, 'Aurangabad', '19.89 N', '75.32 E', '17', 'Y'),
(586, 'Badlapur', '19.15 N', '73.27 E', '17', 'Y'),
(587, 'Ballarpur', '19.85 N', '79.35 E', '17', 'Y'),
(588, 'Baramati', '18.15 N', '74.58 E', '17', 'Y'),
(589, 'Barsi', '18.24 N', '75.69 E', '17', 'Y'),
(590, 'Basmat', '19.32 N', '77.17 E', '17', 'Y'),
(591, 'Bhadravati', '20.11 N', '79.12 E', '17', 'Y'),
(592, 'Bhandara', '21.18 N', '79.65 E', '17', 'Y'),
(593, 'Bhiwandi', '19.30 N', '73.05 E', '17', 'Y'),
(594, 'Bhusawal', '21.05 N', '75.78 E', '17', 'Y'),
(595, 'Bid', '18.99 N', '75.76 E', '17', 'Y'),
(596, 'Mumbai', '18.96 N', '72.82 E', '17', 'Y'),
(597, 'Buldana', '20.54 N', '76.18 E', '17', 'Y'),
(598, 'Chalisgaon', '20.46 N', '74.99 E', '17', 'Y'),
(599, 'Chandrapur', '19.96 N', '79.30 E', '17', 'Y'),
(600, 'Chikhli', '20.35 N', '76.25 E', '17', 'Y'),
(601, 'Chiplun', '17.53 N', '73.52 E', '17', 'Y'),
(602, 'Chopda', '21.25 N', '75.28 E', '17', 'Y'),
(603, 'Dahanu', '19.97 N', '72.73 E', '17', 'Y'),
(604, 'Deolali', '19.95 N', '73.84 E', '17', 'Y'),
(605, 'Dhule', '20.90 N', '74.77 E', '17', 'Y'),
(606, 'Digdoh', '', '', '17', 'Y'),
(607, 'Diglur', '18.55 N', '77.60 E', '17', 'Y'),
(608, 'Gadchiroli', '20.17 N', '80.00 E', '17', 'Y'),
(609, 'Gondiya', '21.47 N', '80.20 E', '17', 'Y'),
(610, 'Hinganghat', '20.56 N', '78.83 E', '17', 'Y'),
(611, 'Hingoli', '19.72 N', '77.14 E', '17', 'Y'),
(612, 'Ichalkaranji', '16.69 N', '74.46 E', '17', 'Y'),
(613, 'Jalgaon', '21.01 N', '75.56 E', '17', 'Y'),
(614, 'Jalna', '19.85 N', '75.88 E', '17', 'Y'),
(615, 'Kalyan', '19.25 N', '73.16 E', '17', 'Y'),
(616, 'Kamthi', '21.23 N', '79.20 E', '17', 'Y'),
(617, 'Karanja', '20.48 N', '77.48 E', '17', 'Y'),
(618, 'Khadki', '18.57 N', '73.83 E', '17', 'Y'),
(619, 'Khamgaon', '20.70 N', '76.56 E', '17', 'Y'),
(620, 'Khopoli', '18.78 N', '73.33 E', '17', 'Y'),
(621, 'Kolhapur', '16.70 N', '74.22 E', '17', 'Y'),
(622, 'Kopargaon', '19.88 N', '74.48 E', '17', 'Y'),
(623, 'Latur', '18.41 N', '76.58 E', '17', 'Y'),
(624, 'Lonavale', '18.75 N', '73.42 E', '17', 'Y'),
(625, 'Malegaon', '20.56 N', '74.52 E', '17', 'Y'),
(626, 'Malkapur', '20.90 N', '76.19 E', 'Ma17', 'Y'),
(627, 'Manmad', '20.26 N', '74.43 E', '17', 'Y'),
(628, 'Mira Bhayandar', '19.29 N', '72.85 E', '17', 'Y'),
(629, 'Nagpur', '21.16 N', '79.08 E', '17', 'Y'),
(630, 'Nalasopara', '19.43 N', '72.78 E', '17', 'Y'),
(631, 'Nanded', '19.17 N', '77.29 E', '17', 'Y'),
(632, 'Nandurbar', '21.38 N', '74.23 E', '17', 'Y'),
(633, 'Nashik', '20.01 N', '73.78 E', '17', 'Y'),
(634, 'Navghar', '19.34 N', '72.90 E', '17', 'Y'),
(635, 'Navi Mumbai', '19.11 N', '73.06 E', '17', 'Y'),
(636, 'Navi Mumbai', '19.00 N', '73.10 E', '17', 'Y'),
(637, 'Osmanabad', '18.17 N', '76.03 E', '17', 'Y'),
(638, 'Palghar', '19.68 N', '72.75 E', '17', 'Y'),
(639, 'Pandharpur', '17.68 N', '75.31 E', '17', 'Y'),
(640, 'Parbhani', '19.27 N', '76.76 E', '17', 'Y'),
(641, 'Phaltan', '17.98 N', '74.43 E', '17', 'Y'),
(642, 'Pimpri', '18.62 N', '73.80 E', '17', 'Y'),
(643, 'Pune', '18.53 N', '73.84 E', '17', 'Y'),
(644, 'Pune Cantonment', '18.50 N', '73.88 E', '17', 'Y'),
(645, 'Pusad', '19.91 N', '77.57 E', '17', 'Y'),
(646, 'Ratnagiri', '17.00 N', '73.29 E', '17', 'Y'),
(647, 'SangliMiraj', '16.86 N', '74.57 E', '17', 'Y'),
(648, 'Satara', '17.70 N', '74.00 E', '17', 'Y'),
(649, 'Shahada', '21.55 N', '74.47 E', '17', 'Y'),
(650, 'Shegaon', '20.78 N', '76.68 E', '17', 'Y'),
(651, 'Shirpur', '21.35 N', '74.88 E', '17', 'Y'),
(652, 'Sholapur', '17.67 N', '75.89 E', '17', 'Y'),
(653, 'Shrirampur', '19.63 N', '74.64 E', '17', 'Y'),
(654, 'Sillod', '20.30 N', '75.65 E', '17', 'Y'),
(655, 'Thana', '19.20 N', '72.97 E', '17', 'Y'),
(656, 'Udgir', '18.40 N', '77.11 E', '17', 'Y'),
(657, 'Ulhasnagar', '19.23 N', '73.15 E', '17', 'Y'),
(658, 'Uran Islampur', '17.05 N', '74.27 E', '17', 'Y'),
(659, 'Vasai', '19.36 N', '72.80 E', '17', 'Y'),
(660, 'Virar', '19.47 N', '72.79 E', '17', 'Y'),
(661, 'Wadi', '', '', '17', 'Y'),
(662, 'Wani', '20.07 N', '78.95 E', '17', 'Y'),
(663, 'Wardha', '20.75 N', '78.60 E', '17', 'Y'),
(664, 'Warud', '21.47 N', '78.27 E', '17', 'Y'),
(665, 'Washim', '20.10 N', '77.13 E', '17', 'Y'),
(666, 'Yavatmal', '20.41 N', '78.13 E', '17', 'Y'),
(667, 'Imphal', '24.79 N', '93.94 E', '18', 'Y'),
(668, 'Shillong', '25.57 N', '91.87 E', '19', 'Y'),
(669, 'Tura', '25.52 N', '90.22 E', '19', 'Y'),
(670, 'Aizawl', '23.71 N', '92.71 E', '20', 'Y'),
(671, 'Lunglei', '22.88 N', '92.73 E', '20', 'Y'),
(672, 'Dimapur', '25.92 N', '93.73 E', '21', 'Y'),
(673, 'Kohima', '25.67 N', '94.11 E', '21', 'Y'),
(674, 'Wokha', '26.10 N', '94.27 E', '21', 'Y'),
(675, 'Balangir', '20.71 N', '83.50 E', '23', 'Y'),
(676, 'Baleshwar', '21.49 N', '86.95 E', '23', 'Y'),
(677, 'Barbil', '22.12 N', '85.40 E', '23', 'Y'),
(678, 'Bargarh', '21.34 N', '83.61 E', '23', 'Y'),
(679, 'Baripada', '21.95 N', '86.73 E', '23', 'Y'),
(680, 'Bhadrak', '21.06 N', '86.52 E', '23', 'Y'),
(681, 'Bhawanipatna', '19.91 N', '83.17 E', '23', 'Y'),
(682, 'Bhubaneswar', '20.27 N', '85.84 E', '23', 'Y'),
(683, 'Brahmapur', '19.32 N', '84.80 E', '23', 'Y'),
(684, 'Brajrajnagar', '21.82 N', '83.91 E', '23', 'Y'),
(685, 'Dhenkanal', '20.67 N', '85.60 E', '23', 'Y'),
(686, 'Jaypur', '18.86 N', '82.56 E', '23', 'Y'),
(687, 'Jharsuguda', '21.87 N', '84.01 E', '23', 'Y'),
(688, 'Kataka', '20.47 N', '85.88 E', '23', 'Y'),
(689, 'Kendujhar', '21.63 N', '85.58 E', '23', 'Y'),
(690, 'Paradwip', '20.32 N', '86.62 E', '23', 'Y'),
(691, 'Puri', '19.81 N', '85.83 E', '23', 'Y'),
(692, 'Raurkela', '22.24 N', '84.81 E', '23', 'Y'),
(693, 'Raurkela Industrial Township', '', '', '23', 'Y'),
(694, 'Rayagada', '19.18 N', '83.41 E', '23', 'Y'),
(695, 'Sambalpur', '21.47 N', '83.97 E', '23', 'Y'),
(696, 'Sunabeda', '18.69 N', '82.86 E', '23', 'Y'),
(697, 'Karaikal', '10.93 N', '79.83 E', '24', 'Y'),
(698, 'Ozhukarai', '11.94 N', '79.77 E', '24', 'Y'),
(699, 'Pondicherry', '11.94 N', '79.83 E', '24', 'Y'),
(700, 'Abohar', '30.14 N', '74.20 E', '25', 'Y'),
(701, 'Amritsar', '31.64 N', '74.87 E', '25', 'Y'),
(702, 'Barnala', '30.39 N', '75.54 E', '25', 'Y'),
(703, 'Batala', '31.82 N', '75.21 E', '25', 'Y'),
(704, 'Bathinda', '30.17 N', '74.97 E', '25', 'Y'),
(705, 'Dhuri', '30.37 N', '75.87 E', '25', 'Y'),
(706, 'Faridkot', '30.68 N', '74.74 E', '25', 'Y'),
(707, 'Fazilka', '30.41 N', '74.02 E', '25', 'Y'),
(708, 'Firozpur', '30.92 N', '74.61 E', '25', 'Y'),
(709, 'Firozpur Cantonment', '30.95 N', '74.60 E', '25', 'Y'),
(710, 'Gobindgarh', '30.66 N', '76.31 E', '25', 'Y'),
(711, 'Gurdaspur', '32.04 N', '75.40 E', '25', 'Y'),
(712, 'Hoshiarpur', '31.53 N', '75.91 E', '25', 'Y'),
(713, 'Jagraon', '30.78 N', '75.48 E', '25', 'Y'),
(714, 'Jalandhar', '31.33 N', '75.57 E', '25', 'Y'),
(715, 'Kapurthala', '31.38 N', '75.38 E', '25', 'Y'),
(716, 'Khanna', '30.71 N', '76.21 E', '25', 'Y'),
(717, 'Kot Kapura', '30.59 N', '74.80 E', '25', 'Y'),
(718, 'Ludhiana', '30.91 N', '75.84 E', '25', 'Y'),
(719, 'Malaut', '30.23 N', '74.48 E', '25', 'Y'),
(720, 'Maler Kotla', '30.54 N', '75.87 E', '25', 'Y'),
(721, 'Mansa', '29.98 N', '75.39 E', '25', 'Y'),
(722, 'Moga', '30.82 N', '75.17 E', '25', 'Y'),
(723, 'Mohali', '30.78 N', '76.69 E', '25', 'Y'),
(724, 'Pathankot', '32.27 N', '75.64 E', '25', 'Y'),
(725, 'Patiala', '30.32 N', '76.39 E', '25', 'Y'),
(726, 'Phagwara', '31.22 N', '75.76 E', '25', 'Y'),
(727, 'Rajpura', '30.48 N', '76.59 E', '25', 'Y'),
(728, 'Rupnagar', '30.98 N', '76.52 E', '25', 'Y'),
(729, 'Samana', '30.15 N', '76.20 E', '25', 'Y'),
(730, 'Sangrur', '30.25 N', '75.84 E', '25', 'Y'),
(731, 'Sirhind', '30.65 N', '76.38 E', '25', 'Y'),
(732, 'Sunam', '30.13 N', '75.80 E', '25', 'Y'),
(733, 'Tarn Taran', '31.45 N', '74.92 E', '25', 'Y'),
(734, 'Ajmer', '26.45 N', '74.64 E', '26', 'Y'),
(735, 'Alwar', '27.56 N', '76.60 E', '26', 'Y'),
(736, 'Balotra', '25.83 N', '72.23 E', '26', 'Y'),
(737, 'Banswara', '23.54 N', '74.44 E', '26', 'Y'),
(738, 'Baran', '25.10 N', '76.51 E', '26', 'Y'),
(739, 'Bari', '26.65 N', '77.60 E', '26', 'Y'),
(740, 'Barmer', '25.75 N', '71.39 E', '26', 'Y'),
(741, 'Beawar', '26.10 N', '74.30 E', '26', 'Y'),
(742, 'Bharatpur', '27.23 N', '77.49 E', '26', 'Y'),
(743, 'Bhilwara', '25.35 N', '74.63 E', '26', 'Y'),
(744, 'Bhiwadi', '', '', '26', 'Y'),
(745, 'Bikaner', '28.03 N', '73.32 E', '26', 'Y'),
(746, 'Bundi', '25.45 N', '75.63 E', '26', 'Y'),
(747, 'Chittaurgarh', '24.89 N', '74.63 E', '26', 'Y'),
(748, 'Chomun', '27.17 N', '75.72 E', '26', 'Y'),
(749, 'Churu', '28.31 N', '74.96 E', '26', 'Y'),
(750, 'Daosa', '26.88 N', '76.33 E', '26', 'Y'),
(751, 'Dhaulpur', '26.70 N', '77.87 E', '26', 'Y'),
(752, 'Didwana', '27.39 N', '74.57 E', '26', 'Y'),
(753, 'Fatehpur', '27.99 N', '74.95 E', '26', 'Y'),
(754, 'Ganganagar', '29.93 N', '73.86 E', '26', 'Y'),
(755, 'Gangapur', '26.47 N', '76.72 E', '26', 'Y'),
(756, 'Hanumangarh', '29.62 N', '74.29 E', '26', 'Y'),
(757, 'Hindaun', '26.74 N', '77.02 E', '26', 'Y'),
(758, 'Jaipur', '26.92 N', '75.80 E', '26', 'Y'),
(759, 'Jaisalmer', '26.92 N', '70.90 E', '26', 'Y'),
(760, 'Jalor', '25.35 N', '72.62 E', '26', 'Y'),
(761, 'Jhalawar', '24.60 N', '76.15 E', '26', 'Y'),
(762, 'Jhunjhunun', '28.13 N', '75.39 E', '26', 'Y'),
(763, 'Jodhpur', '26.29 N', '73.02 E', '26', 'Y'),
(764, 'Karauli', '26.50 N', '77.02 E', '26', 'Y'),
(765, 'Kishangarh', '26.58 N', '74.86 E', '26', 'Y'),
(766, 'Kota', '25.18 N', '75.83 E', '26', 'Y'),
(767, 'Kuchaman', '27.15 N', '74.85 E', '26', 'Y'),
(768, 'Ladnun', '27.64 N', '74.38 E', '26', 'Y'),
(769, 'Makrana', '27.05 N', '74.72 E', '26', 'Y'),
(770, 'Nagaur', '27.21 N', '73.73 E', '26', 'Y'),
(771, 'Nawalgarh', '27.85 N', '75.27 E', '26', 'Y'),
(772, 'Nimbahera', '24.62 N', '74.68 E', '26', 'Y'),
(773, 'Nokha', '27.60 N', '73.42 E', '26', 'Y'),
(774, 'Pali', '25.79 N', '73.32 E', '26', 'Y'),
(775, 'Rajsamand', '25.07 N', '73.88 E', '26', 'Y'),
(776, 'Ratangarh', '28.09 N', '74.60 E', '26', 'Y'),
(777, 'Sardarshahr', '28.45 N', '74.48 E', '26', 'Y'),
(778, 'Sawai Madhopur', '26.03 N', '76.34 E', '26', 'Y'),
(779, 'Sikar', '27.61 N', '75.13 E', '26', 'Y'),
(780, 'Sujangarh', '27.70 N', '74.46 E', '26', 'Y'),
(781, 'Suratgarh', '29.32 N', '73.90 E', '26', 'Y'),
(782, 'Tonk', '26.17 N', '75.78 E', '26', 'Y'),
(783, 'Udaipur', '24.58 N', '73.69 E', '26', 'Y'),
(784, 'Alandur', '13.03 N', '80.23 E', '28', 'Y'),
(785, 'Ambattur', '13.11 N', '80.17 E', '28', 'Y'),
(786, 'Ambur', '12.80 N', '78.72 E', '28', 'Y'),
(787, 'Arakonam', '13.08 N', '79.67 E', '28', 'Y'),
(788, 'Arani', '12.68 N', '79.28 E', '28', 'Y'),
(789, 'Aruppukkottai', '9.51 N', '78.09 E', '28', 'Y'),
(790, 'Attur', '11.60 N', '78.60 E', '28', 'Y'),
(791, 'Avadi', '13.12 N', '80.11 E', '28', 'Y'),
(792, 'Avaniapuram', '9.86 N', '78.12 E', '28', 'Y'),
(793, 'Bodinayakkanur', '10.01 N', '77.35 E', '28', 'Y'),
(794, 'Chengalpattu', '12.70 N', '79.97 E', '28', 'Y'),
(795, 'Dharapuram', '10.74 N', '77.52 E', '28', 'Y'),
(796, 'Dharmapuri', '12.13 N', '78.16 E', '28', 'Y'),
(797, 'Dindigul', '10.36 N', '77.97 E', '28', 'Y'),
(798, 'Erode', '11.35 N', '77.73 E', '28', 'Y'),
(799, 'Gopichettipalaiyam', '11.46 N', '77.43 E', '28', 'Y'),
(800, 'Gudalur', '11.76 N', '79.75 E', '28', 'Y'),
(801, 'Gudiyattam', '12.95 N', '78.86 E', '28', 'Y'),
(802, 'Hosur', '12.72 N', '77.82 E', '28', 'Y'),
(803, 'Idappadi', '11.58 N', '77.85 E', '28', 'Y'),
(804, 'Kadayanallur', '9.08 N', '77.35 E', '28', 'Y'),
(805, 'Kambam', '9.74 N', '77.28 E', '28', 'Y'),
(806, 'Kanchipuram', '12.84 N', '79.70 E', '28', 'Y'),
(807, 'Karur', '10.96 N', '78.07 E', '28', 'Y'),
(808, 'Kavundampalaiyam', '11.05 N', '76.92 E', '28', 'Y'),
(809, 'Kovilpatti', '9.19 N', '77.86 E', '28', 'Y'),
(810, 'Koyampattur', '11.01 N', '76.96 E', '28', 'Y'),
(811, 'Krishnagiri', '12.54 N', '78.21 E', '28', 'Y'),
(812, 'Kumarapalaiyam', '11.44 N', '77.73 E', '28', 'Y'),
(813, 'Kumbakonam', '10.97 N', '79.38 E', '28', 'Y'),
(814, 'Kuniyamuthur', '10.98 N', '76.95 E', '28', 'Y'),
(815, 'Kurichi', '10.92 N', '76.96 E', '28', 'Y'),
(816, 'Madhavaram', '13.02 N', '80.26 E', '28', 'Y'),
(817, 'Madras', '13.09 N', '80.27 E', '28', 'Y'),
(818, 'Madurai', '9.92 N', '78.12 E', '28', 'Y'),
(819, 'Maduravoyal', '', '', '28', 'Y'),
(820, 'Mannargudi', '10.67 N', '79.45 E', '28', 'Y'),
(821, 'Mayiladuthurai', '11.11 N', '79.65 E', '28', 'Y'),
(822, 'Mettupalayam', '11.30 N', '76.94 E', '28', 'Y'),
(823, 'Mettur', '11.80 N', '77.80 E', '28', 'Y'),
(824, 'Nagapattinam', '10.80 N', '79.84 E', '28', 'Y'),
(825, 'Nagercoil', '8.18 N', '77.43 E', '28', 'Y'),
(826, 'Namakkal', '11.23 N', '78.17 E', '28', 'Y'),
(827, 'Nerkunram', '13.04 N', '80.26 E', '28', 'Y'),
(828, 'Neyveli', '11.62 N', '79.48 E', '28', 'Y'),
(829, 'Pallavaram', '12.99 N', '80.16 E', '28', 'Y'),
(830, 'Pammal', '12.97 N', '80.11 E', '28', 'Y'),
(831, 'Pannuratti', '11.78 N', '79.55 E', '28', 'Y'),
(832, 'Paramakkudi', '9.54 N', '78.59 E', '28', 'Y'),
(833, 'Pattukkottai', '10.43 N', '79.31 E', '28', 'Y'),
(834, 'Pollachi', '10.67 N', '77.00 E', '28', 'Y'),
(835, 'Pudukkottai', '10.39 N', '78.82 E', '28', 'Y'),
(836, 'Puliyankudi', '9.18 N', '77.40 E', '28', 'Y'),
(837, 'Punamalli', '13.05 N', '80.11 E', '28', 'Y'),
(838, 'Rajapalaiyam', '9.46 N', '77.55 E', '28', 'Y'),
(839, 'Ramanathapuram', '9.37 N', '78.83 E', '28', 'Y'),
(840, 'Salem', '11.67 N', '78.16 E', '28', 'Y'),
(841, 'Sankarankoil', '9.17 N', '77.54 E', '28', 'Y'),
(842, 'Sivakasi', '9.46 N', '77.79 E', '28', 'Y'),
(843, 'Srivilliputtur', '9.52 N', '77.63 E', '28', 'Y'),
(844, 'Tambaram', '12.93 N', '80.12 E', '28', 'Y'),
(845, 'Tenkasi', '8.96 N', '77.31 E', '28', 'Y'),
(846, 'Thanjavur', '10.79 N', '79.13 E', '28', 'Y'),
(847, 'Theni Allinagaram', '10.02 N', '77.48 E', '28', 'Y'),
(848, 'Thiruthangal', '9.48 N', '77.83 E', '28', 'Y'),
(849, 'Thiruvarur', '10.78 N', '79.64 E', '28', 'Y'),
(850, 'Thuthukkudi', '8.81 N', '78.14 E', '28', 'Y'),
(851, 'Tindivanam', '12.24 N', '79.65 E', '28', 'Y'),
(852, 'Tiruchchirappalli', '10.81 N', '78.69 E', '28', 'Y'),
(853, 'Tiruchengode', '11.38 N', '77.90 E', '28', 'Y'),
(854, 'Tirunelveli', '8.73 N', '77.69 E', '28', 'Y'),
(855, 'Tirupathur', '12.50 N', '78.57 E', '28', 'Y'),
(856, 'Tiruppur', '11.09 N', '77.35 E', '28', 'Y'),
(857, 'Tiruvannamalai', '12.24 N', '79.07 E', '28', 'Y'),
(858, 'Tiruvottiyur', '13.16 N', '80.29 E', '28', 'Y'),
(859, 'Udagamandalam', '11.42 N', '76.69 E', '28', 'Y'),
(860, 'Udumalaipettai', '10.58 N', '77.24 E', '28', 'Y'),
(861, 'Valparai', '10.38 N', '76.99 E', '28', 'Y'),
(862, 'Vaniyambadi', '12.69 N', '78.60 E', '28', 'Y'),
(863, 'Velampalaiyam', '', '', '28', 'Y'),
(864, 'Velluru', '12.92 N', '79.13 E', '28', 'Y'),
(865, 'Viluppuram', '11.95 N', '79.49 E', '28', 'Y'),
(866, 'Virappanchatram', '11.40 N', '77.70 E', '28', 'Y'),
(867, 'Virudhachalam', '11.51 N', '79.32 E', '28', 'Y'),
(868, 'Virudunagar', '9.59 N', '77.95 E', '28', 'Y'),
(869, 'Agartala', '23.84 N', '91.27 E', '29', 'Y'),
(870, 'Agartala MCl', '', '', '29', 'Y'),
(871, 'Badharghat', '', '', '29', 'Y'),
(872, 'Agra', '27.19 N', '78.01 E', '30', 'Y'),
(873, 'Aligarh', '27.89 N', '78.06 E', '30', 'Y'),
(874, 'Allahabad', '25.45 N', '81.84 E', '30', 'Y'),
(875, 'Amroha', '28.91 N', '78.46 E', '30', 'Y'),
(876, 'Aonla', '28.28 N', '79.15 E', '30', 'Y'),
(877, 'Auraiya', '26.47 N', '79.50 E', '30', 'Y'),
(878, 'Ayodhya', '26.80 N', '82.20 E', '30', 'Y'),
(879, 'Azamgarh', '26.07 N', '83.18 E', '30', 'Y'),
(880, 'Baheri', '28.78 N', '79.50 E', '30', 'Y'),
(881, 'Bahraich', '27.58 N', '81.59 E', '30', 'Y'),
(882, 'Ballia', '25.76 N', '84.15 E', '30', 'Y'),
(883, 'Balrampur', '27.43 N', '82.18 E', '30', 'Y'),
(884, 'Banda', '25.48 N', '80.33 E', '30', 'Y'),
(885, 'Baraut', '29.10 N', '77.26 E', '30', 'Y'),
(886, 'Bareli', '28.36 N', '79.41 E', '30', 'Y'),
(887, 'Basti', '26.80 N', '82.74 E', '30', 'Y'),
(888, 'Behta Hajipur', '', '', '30', 'Y'),
(889, 'Bela', '25.92 N', '81.99 E', '30', 'Y'),
(890, 'Bhadohi', '25.40 N', '82.56 E', '30', 'Y'),
(891, 'Bijnor', '29.38 N', '78.13 E', '30', 'Y'),
(892, 'Bisalpur', '28.30 N', '79.80 E', '30', 'Y'),
(893, 'Biswan', '27.50 N', '81.00 E', '30', 'Y'),
(894, 'Budaun', '28.04 N', '79.12 E', '30', 'Y'),
(895, 'Bulandshahr', '28.41 N', '77.85 E', '30', 'Y'),
(896, 'Chandausi', '28.46 N', '78.78 E', '30', 'Y'),
(897, 'Chandpur', '29.14 N', '78.27 E', '30', 'Y'),
(898, 'Chhibramau', '27.15 N', '79.52 E', '30', 'Y'),
(899, 'Chitrakut Dham', '25.20 N', '80.84 E', '30', 'Y'),
(900, 'Dadri', '28.57 N', '77.55 E', '30', 'Y'),
(901, 'Deoband', '29.70 N', '77.67 E', '30', 'Y'),
(902, 'Deoria', '26.51 N', '83.78 E', '30', 'Y'),
(903, 'Etah', '27.57 N', '78.64 E', '30', 'Y'),
(904, 'Etawah', '26.78 N', '79.01 E', '30', 'Y'),
(905, 'Faizabad', '26.78 N', '82.14 E', '30', 'Y'),
(906, 'Faridpur', '28.22 N', '79.53 E', '30', 'Y'),
(907, 'Farrukhabad', '27.40 N', '79.57 E', '30', 'Y'),
(908, 'Fatehpur', '25.93 N', '80.81 E', '30', 'Y'),
(909, 'Firozabad', '27.15 N', '78.39 E', '30', 'Y'),
(910, 'Gajraula', '28.85 N', '78.23 E', '30', 'Y'),
(911, 'Ganga Ghat', '26.52 N', '80.45 E', '30', 'Y'),
(912, 'Gangoh', '29.77 N', '77.25 E', '30', 'Y'),
(913, 'Ghaziabad', '28.66 N', '77.41 E', '30', 'Y'),
(914, 'Ghazipur', '25.59 N', '83.59 E', '30', 'Y'),
(915, 'Gola Gokarannath', '28.08 N', '80.47 E', '30', 'Y'),
(916, 'Gonda', '27.14 N', '81.95 E', '30', 'Y'),
(917, 'Gorakhpur', '26.76 N', '83.36 E', '30', 'Y'),
(918, 'Hapur', '28.73 N', '77.77 E', '30', 'Y'),
(919, 'Hardoi', '27.42 N', '80.12 E', '30', 'Y'),
(920, 'Hasanpur', '28.72 N', '78.28 E', '30', 'Y'),
(921, 'Hathras', '27.60 N', '78.04 E', '30', 'Y'),
(922, 'Jahangirabad', '28.42 N', '78.10 E', '30', 'Y'),
(923, 'Jalaun', '26.15 N', '79.35 E', '30', 'Y'),
(924, 'Jaunpur', '25.76 N', '82.69 E', '30', 'Y'),
(925, 'Jhansi', '25.45 N', '78.56 E', '30', 'Y'),
(926, 'Kadi', '23.31 N', '72.33 E', '30', 'Y'),
(927, 'Kairana', '29.40 N', '77.20 E', '30', 'Y'),
(928, 'Kannauj', '27.06 N', '79.91 E', '30', 'Y'),
(929, 'Kanpur', '26.47 N', '80.33 E', '30', 'Y'),
(930, 'Kanpur Cantonment', '26.50 N', '80.28 E', '30', 'Y'),
(931, 'Kasganj', '27.81 N', '78.63 E', '30', 'Y'),
(932, 'Khatauli', '29.28 N', '77.72 E', '30', 'Y'),
(933, 'Khora', '', '', '30', 'Y'),
(934, 'Khurja', '28.26 N', '77.85 E', '30', 'Y'),
(935, 'Kiratpur', '29.52 N', '78.20 E', '30', 'Y'),
(936, 'Kosi Kalan', '27.80 N', '77.44 E', '30', 'Y'),
(937, 'Laharpur', '27.72 N', '80.90 E', '30', 'Y'),
(938, 'Lakhimpur', '27.95 N', '80.78 E', '30', 'Y'),
(939, 'Lakhnau', '26.85 N', '80.92 E', '30', 'Y'),
(940, 'Lakhnau Cantonment', '26.81 N', '80.97 E', '30', 'Y'),
(941, 'Lalitpur', '24.70 N', '78.41 E', '30', 'Y'),
(942, 'Loni', '28.75 N', '77.28 E', '30', 'Y'),
(943, 'Mahoba', '25.30 N', '79.87 E', '30', 'Y'),
(944, 'Mainpuri', '27.24 N', '79.02 E', '30', 'Y'),
(945, 'Mathura', '27.50 N', '77.68 E', '30', 'Y'),
(946, 'Mau', '25.96 N', '83.56 E', '30', 'Y'),
(947, 'Mauranipur', '25.24 N', '79.13 E', '30', 'Y'),
(948, 'Mawana', '29.11 N', '77.91 E', '30', 'Y'),
(949, 'Mirat', '28.99 N', '77.70 E', '30', 'Y'),
(950, 'Mirat Cantonment', '29.02 N', '77.67 E', '30', 'Y'),
(951, 'Mirzapur', '25.16 N', '82.56 E', '30', 'Y'),
(952, 'Modinagar', '28.92 N', '77.62 E', '30', 'Y'),
(953, 'Moradabad', '28.84 N', '78.76 E', '30', 'Y'),
(954, 'Mubarakpur', '26.09 N', '83.28 E', '30', 'Y'),
(955, 'Mughal Sarai', '25.30 N', '83.12 E', '30', 'Y'),
(956, 'Muradnagar', '28.78 N', '77.50 E', '30', 'Y'),
(957, 'Muzaffarnagar', '29.48 N', '77.69 E', '30', 'Y'),
(958, 'Nagina', '29.45 N', '78.43 E', '30', 'Y'),
(959, 'Najibabad', '29.62 N', '78.33 E', '30', 'Y'),
(960, 'Nawabganj', '26.94 N', '81.19 E', '30', 'Y'),
(961, 'Noida', '28.58 N', '77.33 E', '30', 'Y'),
(962, 'Obra', '24.42 N', '82.98 E', '30', 'Y'),
(963, 'Orai', '25.99 N', '79.45 E', '30', 'Y'),
(964, 'Pilibhit', '28.64 N', '79.81 E', '30', 'Y'),
(965, 'Pilkhuwa', '28.72 N', '77.65 E', '30', 'Y'),
(966, 'Rae Bareli', '26.23 N', '81.23 E', '30', 'Y'),
(967, 'Ramgarh Nagla Kothi', '', '', '30', 'Y'),
(968, 'Rampur', '28.82 N', '79.02 E', '30', 'Y'),
(969, 'Rath', '25.58 N', '79.57 E', '30', 'Y'),
(970, 'Renukut', '24.20 N', '83.03 E', '30', 'Y'),
(971, 'Saharanpur', '29.97 N', '77.54 E', '30', 'Y'),
(972, 'Sahaswan', '28.08 N', '78.74 E', '30', 'Y'),
(973, 'Sambhal', '28.59 N', '78.56 E', '30', 'Y'),
(974, 'Sandila', '27.08 N', '80.52 E', '30', 'Y'),
(975, 'Shahabad', '27.65 N', '79.95 E', '30', 'Y'),
(976, 'Shahjahanpur', '27.88 N', '79.90 E', '30', 'Y'),
(977, 'Shamli', '29.46 N', '77.31 E', '30', 'Y'),
(978, 'Sherkot', '29.35 N', '78.58 E', '30', 'Y'),
(979, 'Shikohabad', '27.12 N', '78.58 E', '30', 'Y'),
(980, 'Sikandarabad', '28.44 N', '77.69 E', '30', 'Y'),
(981, 'Sitapur', '27.57 N', '80.69 E', '30', 'Y'),
(982, 'Sukhmalpur Nizamabad', '', '', '30', 'Y'),
(983, 'Sultanpur', '26.26 N', '82.06 E', '30', 'Y'),
(984, 'Tanda', '26.55 N', '82.65 E', '30', 'Y'),
(985, 'Tilhar', '27.98 N', '79.73 E', '30', 'Y'),
(986, 'Tundla', '27.20 N', '78.28 E', '30', 'Y'),
(987, 'Ujhani', '28.02 N', '79.02 E', '30', 'Y'),
(988, 'Unnao', '26.55 N', '80.49 E', '30', 'Y'),
(989, 'Varanasi', '25.32 N', '83.01 E', '30', 'Y'),
(990, 'Vrindavan', '27.58 N', '77.70 E', '30', 'Y'),
(991, 'Dehra Dun', '30.34 N', '78.05 E', '31', 'Y'),
(992, 'Dehra Dun Cantonment', '30.34 N', '77.97 E', '31', 'Y'),
(993, 'Gola Range', '', '', '31', 'Y'),
(994, 'Haldwani', '29.23 N', '79.52 E', '31', 'Y'),
(995, 'Haridwar', '29.98 N', '78.16 E', '31', 'Y'),
(996, 'Kashipur', '29.22 N', '78.96 E', '31', 'Y'),
(997, 'Pithoragarh', '29.58 N', '80.22 E', '31', 'Y'),
(998, 'Rishikesh', '30.12 N', '78.29 E', '31', 'Y'),
(999, 'Rudrapur', '', '', '31', 'Y'),
(1000, 'Rurki', '29.87 N', '77.89 E', '31', 'Y'),
(1001, 'Tumsar', '11E', '12E', '17', 'Y'),
(1002, 'Panna', '11E', '11E', '16', 'Y'),
(1003, 'Armori', '12E', '12E', '17', 'Y'),
(1004, 'Gondpimpri', '13E', '13E', '17', 'Y'),
(1005, 'Mahur', '14E', '14E', '17', 'Y'),
(1006, 'Digras', '13F', '13F', '17', 'Y'),
(1007, 'Tiroda', '11D', '11D', '17', 'Y'),
(1008, 'Jalgaon Jamod', '15E', '15E', '17', 'Y'),
(1009, 'Doangaon', '15E', '15E', '17', 'Y'),
(1010, 'Pandharkawda', '15F', '15F', '17', 'Y'),
(1011, 'Mahasamund', '14F', '14F', '7', 'Y'),
(1012, 'Patthalgaon', '14F', '14G', '7', 'Y'),
(1013, 'Ghatanji', '15E', '15E', '17', 'Y'),
(1014, 'Nepanagar', '14F', '14E', '16', 'Y'),
(1015, 'Rajura', '15E', '15E', '17', 'Y'),
(1016, 'Mandla', '14F', '14E', '17', 'Y'),
(1017, 'Kamptee', '11E', '12E', '17', 'Y'),
(1018, 'Chimur', '10E', '10E', '17', 'Y'),
(1019, 'Mohpa', '11E', '12E', '17', 'Y'),
(1020, 'Narkhed', '14F', '14E', '17', 'Y');
INSERT INTO `tbl_citylist` (`city_id`, `city_name`, `latitude`, `longitude`, `state_id`, `is_active`) VALUES
(1021, 'Khapa', '11E', '12E', '17', 'Y'),
(1022, 'Pavani', '10E', '10E', '17', 'Y'),
(1023, 'Katni', '15E', '15E', '16', 'Y'),
(1024, 'Paratwada', '11E', '11R', '17', 'Y'),
(1025, 'Warora', '11R', '11R', '17', 'Y'),
(1026, 'sangli', '', '', '17', 'Y'),
(1027, 'Devas', '', '', '16', 'Y'),
(1028, 'Mohadi', '', '', '17', 'Y'),
(1029, 'Solapur', '', '', '17', 'Y'),
(1031, 'Kesinga', '', '', '23', 'Y'),
(1032, 'Kesinga', '', '', '23', 'Y'),
(1033, 'yawal', '', '', '', 'Y'),
(1034, 'Narsinghpur', '', '', '16', 'Y'),
(1035, 'Balod', '', '', '7', 'Y'),
(1037, 'Neral', NULL, NULL, '17', 'Y');
 

INSERT INTO `tbl_client` (`client_id`, `client_name`, `client_address`, `propriter_name`, `propriter_image`, `firm_name`, `mobile_no`, `phone_no_1`, `postal_address`, `phone_no_2`, `city_id`, `district_id`, `state_id`, `client_added_date`, `client_update_date`, `is_active`) VALUES
(1, 'pallavi shukla', 'indora square', 'pallavi shukla', '', 'ps chemicals', '9876543210', '111222', 'indora square', '222333', NULL, NULL, NULL, '2016-11-24', '2016-11-24', 'Y'),
(2, 'rohan mehra', 'gb road', 'ranjit mehra', '', 'ranjit samples', '6543219870', '55665566', 'kb road', '2233223', NULL, NULL, NULL, '2016-11-24', '2016-11-24', 'Y'),
(3, 'neha jaiswal', 'dharampeth', 'kapoor', '', 'jaiswal prints', '6465626361', '85858585', 'bm mall', '47474747', NULL, NULL, NULL, '2016-11-24', '2016-11-24', 'Y'),
(4, 'charanpreet sharma', 'indora square', 'charanpreet sharma', '', 'charan books', '1213141516', '55662233', 'indora square', '77554466', NULL, NULL, NULL, '2016-11-24', '2016-11-24', 'Y'),
(5, 'komal singh', 'nandanvan', 'komal singh', '', '', '7755336644', '4545456', 'midc hingna', '121213', NULL, NULL, NULL, '2016-11-24', '2016-11-24', 'Y'),
(6, 'kk singh', 'mm apatrments , mall road', 'kk sons', '', 'kk sons', '45462525', '112244555', 'mall road', '4456458411', NULL, NULL, NULL, '2016-11-24', '2016-11-24', 'Y'),
(7, 'roshan waghmare', 'ca road', 'roshan waghmare', '', 'roshan chemicals', '45454641', '', 'wca road', '', NULL, NULL, NULL, '2016-11-24', '2016-11-24', 'Y'),
(8, 'krish roshan', 'ca road', 'rakesh roshan', '', '', '4546462512', '', 'mm malls', '', NULL, NULL, NULL, '2016-11-24', '2016-11-24', 'Y'),
(9, 'lopamudra raut', 'adnani apartments', 'lal seth', '', 'sm infoecpts', '12131416', '7474747474', 'adnani apartments', '454645648', NULL, NULL, NULL, '2016-11-24', '2016-11-24', 'Y'),
(10, 'priyam kapoor', 'kl road and building', 'priyam kapoor', '', 'kk hospitals', '454764855', '75445564354169', 'pu univeersiyt', '453613413', NULL, NULL, NULL, '2016-11-24', '2016-11-24', 'Y'),
(11, 'naim hashmi', 'll road it park', 'naim hashmi', '', 'll agency', '7878465633', '75843473437', 'll road it park', '42351356', NULL, NULL, NULL, '2016-11-24', '2016-11-24', 'Y'),
(12, 'vidya shukla', 'bhilgaon', 'pallavi shukla', '', 'pallavi soft drinfs', '9970876093', '454948475', 'bhilgaon', '6363626135', NULL, NULL, NULL, '2016-11-24', '2016-11-24', 'Y'),
(13, 'sonu pandey', 'kl street15', 'sonu ', '', 'sonu accesories', '45747678454', '1616445645', 'kl street 12', '454548455', NULL, NULL, NULL, '2016-11-24', '2016-11-24', 'Y'),
(14, 'aparna dhote', 'lll building ', 'pallavi shukla', '', 'aparna clinic', '45698775', '464656563', 'indora square', '354354135413', NULL, NULL, NULL, '2016-11-24', '2016-11-24', 'Y'),
(15, 'jai bonde', 'dmc gate', 'jai bonde', '', 'jai ccomputers', '45756956456', '758589553.', 'pu univeersiy it park', '46569854556', NULL, NULL, NULL, '2016-11-24', '2016-11-24', 'Y');
  
INSERT INTO `tbl_district` (`district_id`, `district_name`, `latitude`, `longitude`, `state_id`, `is_active`) VALUES
(3, 'Akola', '', '', '', 'T'),
(4, 'Amravati', '', '', '', 'T'),
(5, 'Buldhana', '', '', '', 'T'),
(6, 'Yavatmal', '', '', '', 'T'),
(7, 'Washim', '', '', '', 'T'),
(8, 'Aurangabad', '', '', '', 'T'),
(9, 'Beed', '', '', '', 'T'),
(10, 'Hingoli', '', '', '', 'T'),
(11, 'Jalna', '', '', '', 'T'),
(12, 'Latur', '', '', '', 'T'),
(13, 'Nanded', '', '', '', 'T'),
(14, 'Osmanabad', '', '', '', 'T'),
(15, 'Parbhani', '', '', '', 'T'),
(16, 'Mumbai', '', '', '', 'T'),
(17, 'Mumbai Suburban District', '', '', '', 'T'),
(18, 'Thane', '', '', '', 'T'),
(19, 'Raigad', '', '', '', 'T'),
(20, 'Ratnagiri', '', '', '', 'T'),
(21, 'Sindhudurg', '', '', '', 'T'),
(22, 'Bhandara', '', '', '', 'T'),
(23, 'Chandrapur', '', '', '', 'T'),
(24, 'Gadchiroli', '', '', '', 'T'),
(25, 'Gondia', '', '', '', 'T'),
(26, 'Nagpur', '', '', '', 'T'),
(27, 'Wardha', '', '', '', 'T'),
(28, 'Ahmednagar', '', '', '', 'T'),
(29, 'Dhule', '', '', '', 'T'),
(30, 'Jalgaon', '', '', '', 'T'),
(31, 'Nandurbar', '', '', '', 'T'),
(32, 'Nashik', '', '', '', 'T'),
(33, 'Kolhapur', '', '', '', 'T'),
(34, 'Pune', '', '', '', 'T'),
(35, 'Sangli', '', '', '', 'T'),
(36, 'Satara', '', '', '', 'T'),
(37, 'Solapur', '', '', '', 'T'),
(38, 'other', '1111', '1111', '18', 'Y'),
(40, 'Bastar', NULL, NULL, '7', 'Y'),
(41, 'Bijapur', NULL, NULL, '', 'Y'),
(42, 'Bilaspur', NULL, NULL, '', 'Y'),
(43, 'Dantewada', NULL, NULL, '', 'Y'),
(44, 'Dhamtari', NULL, NULL, '', 'Y'),
(45, 'Durg', NULL, NULL, '', 'Y'),
(46, 'Jashpur', NULL, NULL, '', 'Y'),
(47, 'Janjgir-Champa', NULL, 'Y', '', 'Y'),
(48, 'Korba', NULL, NULL, '', 'Y'),
(49, 'Koriya', NULL, NULL, '', 'Y'),
(50, 'Kanker', NULL, NULL, '', 'Y'),
(51, 'Kabirdham', NULL, NULL, '', 'Y'),
(52, 'Mahasamund', NULL, NULL, '', 'Y'),
(53, 'Mahasamund', NULL, NULL, '', 'Y'),
(54, 'Narayanpur', NULL, NULL, '', 'Y'),
(55, 'Raigarh', NULL, NULL, '', 'Y'),
(56, 'Rajnandgaon', NULL, NULL, '', 'Y'),
(57, 'Raipur', NULL, NULL, '', 'Y'),
(58, 'Surajpur', NULL, NULL, '', 'Y'),
(59, 'Alirajpur', NULL, NULL, '', 'Y'),
(60, 'Anuppur', NULL, NULL, '', 'Y'),
(61, 'Ashok Nagar', NULL, NULL, '', 'Y'),
(62, 'Balaghat', NULL, NULL, '', 'Y'),
(63, 'Barwani', NULL, NULL, '', 'Y'),
(64, 'Betul', NULL, NULL, '', 'Y'),
(65, 'Bhind', NULL, NULL, '', 'Y'),
(66, 'Bhopal', NULL, NULL, '', 'Y'),
(67, 'Mandsaur', NULL, NULL, '', 'Y'),
(68, 'Morena', NULL, NULL, '', 'Y'),
(69, 'Narsinghpur', NULL, NULL, '', 'Y'),
(70, 'Neemuch', NULL, NULL, '', 'Y'),
(71, 'Panna', NULL, NULL, '', 'Y'),
(72, 'Rewa', NULL, NULL, '', 'Y'),
(73, 'Rajgarh', NULL, NULL, '', 'Y'),
(74, 'Ratlam', NULL, NULL, '', 'Y'),
(75, 'Raisen', NULL, NULL, '', 'Y'),
(76, 'Sagar', NULL, NULL, '', 'Y'),
(77, 'Satna', NULL, NULL, '', 'Y'),
(78, 'Sehore', NULL, NULL, '', 'Y'),
(79, 'Seoni', NULL, NULL, '', 'Y'),
(80, 'Shahdol', NULL, NULL, '', 'Y'),
(81, 'Shajapur', NULL, NULL, '', 'Y'),
(82, 'Sheopur', NULL, NULL, '', 'Y'),
(83, 'Shivpuri', NULL, NULL, '', 'Y'),
(84, 'Sidhi', NULL, NULL, '', 'Y'),
(85, 'Singrauli', NULL, NULL, '', 'Y'),
(86, 'Tikamgarh', NULL, NULL, '', 'Y'),
(87, 'Ujjain', NULL, NULL, '', 'Y'),
(88, 'Umaria', NULL, NULL, '', 'Y'),
(89, 'Vidisha', NULL, NULL, '', 'Y'),
(90, 'kalahandi', NULL, NULL, '23', 'Y'),
(91, 'kalahandi', NULL, NULL, '23', 'Y'),
(92, 'Kalahandi', NULL, NULL, '23', 'Y'),
(93, 'kali(D.k.)', NULL, NULL, '17', 'Y'),
(94, 'Balod', NULL, NULL, '', 'Y');
 

INSERT INTO `tbl_gsm` (`gsm_id`, `gsm_name`, `gsm_added_date`, `is_active`) VALUES
(1, '10 gsm', '2012-07-05', 'Y'),
(2, '20 gsm', '2012-07-05', 'Y'),
(3, '30 gsm', '2012-07-05', 'Y'),
(4, '40 gsm', '2012-07-05', 'Y'),
(5, '50 gsm', '2012-07-05', 'Y'),
(6, '60 gsm', '2012-07-05', 'Y'),
(7, '70 gsm', '2012-07-05', 'Y'),
(8, '80 gsm', '2012-07-05', 'Y'),
(9, '90 gsm', '2012-07-05', 'Y'),
(10, '100 gsm', '2012-07-05', 'Y'),
(11, '110 gsm', '2012-07-05', 'Y'),
(12, '120 gsm', '2012-07-05', 'Y'),
(13, '130 gsm', '0000-00-00', 'Y'),
(14, '140 gsm', '2012-07-05', 'Y'),
(15, '150 gsm', '2012-07-05', 'Y'),
(16, '160 gsm', '2012-07-05', 'Y'),
(17, '170 gsm', '2012-07-05', 'Y'),
(18, '180 gsm', '2012-07-05', 'Y'),
(19, '190 gsm', '2012-07-05', 'Y'),
(20, '200 gsm', '2012-07-05', 'Y'),
(21, '210 gsm', '2012-07-05', 'Y'),
(22, '220 gsm', '2012-07-05', 'Y'),
(23, '230 gsm', '2012-07-05', 'Y'),
(24, '240 gsm', '2012-07-05', 'Y'),
(25, '250 gsm', '2012-07-05', 'Y'),
(26, '260 gsm', '2012-07-05', 'Y'),
(27, '270 gsm', '2012-07-05', 'Y'),
(28, '280 gsm', '2012-07-05', 'Y'),
(29, '290 gsm', '2012-07-05', 'Y'),
(30, '300 gsm', '2012-07-05', 'Y'),
(31, '310 GSM', '2012-07-05', 'Y'),
(32, '320 GSM', '2012-07-05', 'Y'),
(33, '330 GSM', '2012-07-05', 'Y'),
(34, '340 GSM', '2012-07-05', 'Y'),
(35, '350 GSM', '2012-07-05', 'Y'),
(36, '360 GSM', '2012-07-05', 'Y');
  

INSERT INTO `tbl_lamination` (`lamination_id`, `lamination_name`, `lamination_desc`, `lamination_added_date`, `is_active`) VALUES
(1, 'Gloss Lamination', 'Type of lamination', '2012-07-06', 'Y'),
(2, 'Matt Lamination', 'Type of lamination', '2012-07-06', 'Y'),
(3, 'Without Lamination', 'Type of lamination', '2012-07-06', 'Y'),
(4, 'Spot Lamination', 'Type of lamination', '2012-07-06', 'Y');
 

INSERT INTO `tbl_order` (`order_id`, `quotation_id`, `client_id`, `gsm_id`, `lamination_id`, `postpress_id`, `printing_id`, `qty_id`, `side_id`, `paper_id`, `card_id`, `comment`, `requestdate`, `orderstatus`, `isactive`) VALUES
(1, 1, 1, 1, 1, 1, 1, 1, 1, 1, 1, 'order with quotation 1 with 200prints', '2016-11-02', 'completed', 'y'),
(2, 1, 1, 1, 1, 1, 1, 1, 2, 1, 2, 'this is order 2 with q1 of 850 prints', '2016-11-09', 'done', 'y'),
(3, 1, 1, 2, 1, 2, 1, 8, 1, 10, 7, 'this is orderb  3 for client 1 and quotation 1', '2016-11-10', 'incomplete', 'y'),
(4, 2, 2, 17, 1, 10, 2, 9, 2, 11, 8, 'this is order 4 for client 4', '2016-11-09', 'done', 'y'),
(5, 3, 3, 2, 2, 3, 2, 8, 1, 11, 7, 'this is for 600 order', '2016-11-08', 'done', 'y'),
(6, 2, 3, 4, 2, 3, 3, 3, 2, 11, 7, 'this is order 6', '2016-11-16', 'done', 'y'),
(7, 2, 2, 2, 2, 3, 2, 9, 1, 11, 9, 'this is order 7 7000 gsn', '2016-11-02', 'done', 'y'),
(8, 3, 6, 8, 2, 9, 2, 8, 2, 7, 4, 'djdldjfwolejwf', '2016-11-01', 'done', 'y'),
(9, 2, 2, 3, 1, 1, 1, 1, 1, 2, 1, 'thisas is orderv9', '2016-11-15', 'done', 'y'),
(10, 2, 3, 1, 1, 1, 1, 1, 1, 2, 1, 'this is order 10', '2016-11-16', 'done', 'y');
 
INSERT INTO `tbl_paper` (`paper_id`, `paper_name`, `p_added_date`, `is_active`) VALUES
(1, 'Art Card', '2012-07-06', 'T'),
(2, 'Art Paper', '2012-07-06', 'T'),
(3, 'Chromo Paper', '2012-07-06', 'T'),
(4, 'Duplex Paper', '2012-07-06', 'T'),
(5, 'BOND Executive Bond', '2012-07-06', 'T'),
(6, 'Maplitho Paper', '2012-07-06', 'T'),
(7, 'Non Tearable', '2012-07-06', 'T'),
(8, 'Pul Board Paper', '2012-07-06', 'T'),
(9, 'SBS Board Paper', '2012-07-06', 'T'),
(10, 'Sticker', '2012-07-06', 'T'),
(11, 'White Back Duplex', '2012-08-14', 'T'),
(12, 'Gray Back Duplex', '2012-08-14', 'T');
 

INSERT INTO `tbl_postpress` (`postpress_id`, `postpress_name`, `postpress_desc`, `postpress_added_date`, `is_active`) VALUES
(1, 'Round Corner', 'Round Corner', '2012-12-25', 'T'),
(2, 'Holing Punching', 'Holing Punching', '2012-12-25', 'T'),
(3, 'Punching', 'Punching', '2012-12-25', 'T'),
(4, 'Creasing', 'Creasing', '2012-12-25', 'T'),
(5, 'Single Side Spot UV', 'Single Side Spot UV', '2012-12-25', 'T'),
(6, ' Gold Foil', 'Gold Foil', '2012-12-25', 'T'),
(7, 'Center Stiching', 'Center Stiching', '2012-12-25', 'T'),
(8, 'Center Stiching', 'Center Stiching', '2012-12-25', 'T'),
(9, 'Making', 'Making', '2012-12-25', 'T'),
(10, 'Clips', 'Clips', '2012-12-25', 'T'),
(11, 'Without Clips', 'Without Clips', '2012-12-25', 'T');

 
INSERT INTO `tbl_printing` (`printing_id`, `printing_name`, `pt_added_date`, `is_active`) VALUES
(1, 'Single Color Printing', '2012-07-06', 'T'),
(2, 'Two color Printing', '2012-07-06', 'T'),
(3, 'Three color Printing', '2012-07-06', 'T'),
(4, 'Multi color Printing', '2012-07-06', 'T');

 

INSERT INTO `tbl_qty` (`qty_id`, `qty_name`, `qty_added_date`, `is_active`) VALUES
(1, '1000', '2012-07-11', 'Y'),
(2, '2000', '2012-07-11', 'Y'),
(3, '3000', '2012-07-11', 'Y'),
(4, '4000', '2012-07-11', 'Y'),
(5, '5000', '2012-07-11', 'Y'),
(6, '6000', '2012-07-11', 'Y'),
(7, '7000', '2012-07-11', 'Y'),
(8, '8000', '2012-07-11', 'Y'),
(9, '9000', '0000-00-00', 'Y'),
(10, '10000', '2012-07-11', 'Y');

 

INSERT INTO `tbl_quotation` (`quotation_id`, `client_id`, `quotation_desc`, `quotation_added_date`, `quotation_update_date`, `read_status`, `is_active`) VALUES
(1, 1, 'it is with 250 gsm papers', '2016-11-22', '2016-11-23', 'completed', 'y'),
(2, 1, 'this is with 300 gsm with 250 orders', '2016-11-16', '2016-11-23', 'done', 'y'),
(3, 1, 'this is for 400 gsm ', '2016-11-10', '2016-11-19', 'incomplete', 'y'),
(4, 1, 'this is for 300 gsnm 20 orders', '2016-11-09', '2016-11-12', 'done', 'y'),
(5, 1, 'this is for client 1 with 300 gsm', '2016-11-23', '2016-11-26', 'incomplete', 'y'),
(6, 1, 'this is for quotation  with 200 order', '2016-11-12', '2016-11-28', 'done', 'y'),
(7, 2, 'this is for client 2 with 300 gsm', '2016-11-22', '2016-11-25', 'done', 'y'),
(8, 2, 'this is with 10 gsm', '2016-11-17', '2016-11-23', 'done', 'y'),
(9, 2, 'this is for client 2 with 400 gsnm', '2016-11-23', '2016-11-26', 'done', 'y'),
(10, 2, 'this is for client 2 ', '2016-11-11', '2016-11-24', 'done', 'y'),
(11, 4, 'this is for client 4', '2016-11-09', '2016-11-17', 'done', 'y'),
(12, 4, 'this is for client 4 with 510 gsm', '2016-11-08', '2016-11-11', 'done', 'y');

 

INSERT INTO `tbl_sides` (`side_id`, `side_name`, `side_added_date`, `is_active`) VALUES
(1, 'Single Side', '2012-07-06', 'Y'),
(2, 'Front Back', '2012-07-06', 'Y');
 

INSERT INTO `tbl_state` (`state_id`, `state_name`, `is_active`) VALUES
(1, 'Andaman & Nocobar', 'Y'),
(2, 'Andra Pradesh', 'Y'),
(3, 'Arunachal Pradesh', 'Y'),
(4, 'Assam', 'Y'),
(5, 'Bihar', 'Y'),
(6, 'Chandigarh', 'Y'),
(7, 'Chattisgarh', 'Y'),
(8, 'Goa', 'Y'),
(9, 'Gujraat', 'Y'),
(10, 'Haryana', 'Y'),
(11, 'Himachal Pradesh', 'Y'),
(12, 'Jammu & Kashmir', 'Y'),
(13, 'Jharkhand', 'Y'),
(14, 'Karnataka', 'Y'),
(15, 'Kerla', 'Y'),
(16, 'Madhya Pradesh', 'Y'),
(17, 'Maharashtra', 'Y'),
(18, 'Manipur', 'Y'),
(19, 'Meghalaya', 'Y'),
(20, 'Mizoram', 'Y'),
(21, 'Nagaland', 'Y'),
(22, 'New Delhi', 'Y'),
(23, 'Orissa', 'Y'),
(24, 'Podicherry', 'Y'),
(25, 'Punjab', 'Y'),
(26, 'Rajsthan', 'Y'),
(27, 'Sikkim', 'Y'),
(28, 'Tamilnadu', 'Y'),
(29, 'Tripura', 'Y'),
(30, 'Uttar Pradesh', 'Y'),
(31, 'Uttaranchal', 'Y'),
(32, 'West Bengal', 'Y');

 

INSERT INTO `tbl_usertype` (`usertype_id`, `usertype`, `usertype_added_date`, `is_active`) VALUES
(1, 'Admin', '2012-07-05', 'Y'),
(2, 'Manager', '2012-07-05', 'Y'),
(3, 'Employee', '2012-07-05', 'Y'),
(4, 'Account', '2012-07-05', 'Y');
